Title,Cluster
The Player,0
The Honeymooners,0
McHale's Navy,1
Bewitched,2
M*A*S*H,1
The Streets of San Francisco,4
The A-Team,0
Miami Vice,0
Anne of Green Gables,5
The Bold and the Beautiful,1
Dekalog,0
In the Heat of the Night,1
Wings,0
A Touch of Frost,0
Space: Above and Beyond,1
3rd Rock from the Sun,3
"Sabrina, the Teenage Witch",0
Buffy the Vampire Slayer,4
Fired Up,0
The Grand,2
Stargate SG-1,0
Jesse,0
Creature,5
Sex and the City,4
The Doombolt Chase,0
Arthur,2
The Powerpuff Girls,0
Strangers with Candy,0
Home Movies,0
Dark Angel,3
Get Real,2
Yu-Gi-Oh!,0
The Dead Zone,4
The Bachelor,0
The O.C.,3
Entourage,0
Veronica Mars,2
Ghost Hunters,3
Robot Chicken,0
Star Wars: The Clone Wars,1
Bones,0
It's Always Sunny in Philadelphia,0
The Company,3
Psych,0
Friday Night Lights,2
Rules of Engagement,0
Eureka,1
Heroes,0
Saving Grace,5
Life,0
Shaun the Sheep,0
The Inbetweeners,0
Wuthering Heights,2
Sonny with a Chance,0
Meet the Browns,0
Carlos,1
Emma,0
Spartacus: War of the Damned,0
Luther,0
Nikita,0
Perception,0
Last Man Standing,0
Unforgettable,0
Lilyhammer,0
Anger Management,0
Gomorrah,1
Revolution,3
The Following,0
Defiance,0
Hannibal,4
Twisted,0
Hit the Floor,0
Rogue,0
The Returned,1
Sleepy Hollow,0
Fargo,0
Outlander,0
12 Monkeys,0
Empire,0
Daredevil,0
Happy Valley,0
Deadline Gallipoli,0
Constantine,0
The Messengers,3
Secrets and Lies,0
Trapped,0
The Girlfriend Experience,1
The Missing,2
War & Peace,0
Scream: The TV Series,0
The Border,2
Lovesick,2
Rush Hour,0
Unforgotten,4
Limitless,5
The Family,0
Wolf Creek,0
A Series of Unfortunate Events,2
BrainDead,0
Preacher,2
The Secret,1
Lethal Weapon,0
Van Helsing,0
Conviction,0
Notorious,0
Animal Kingdom,1
Code Name: K.O.Z.,0
Saving Christmas,0
Superbabies: Baby Geniuses 2,3
Daniel der Zauberer,0
Manos: The Hands of Fate,2
Pledge This!,3
Turks in Space,2
Foodfight!,1
Birdemic: Shock and Terror,0
Dream.net,0
Titanic: The Legend Goes On...,0
Disaster Movie,3
Zombie Nation,0
The Hottie & the Nottie,4
Keloglan vs. the Black Prince,0
From Justin to Kelly,0
A Fox's Tale,2
Ram Gopal Varma's Indian Flames,0
Going Overboard,4
Yes Sir,0
Attack of the Jurassic Shark,3
Potato Salad,0
Ben & Arthur,0
The Legend of the Titanic,0
Himmatwala,0
Birdemic 2: The Resurrection,0
Monster a-Go Go,0
House of the Dead,3
Who's Your Caddy?,0
Humshakals,0
Hobgoblins,4
Glitter,4
The Beast of Yucca Flats,0
Son of the Mask,0
Crossover,0
Space Mutiny,0
Night Train to Mundo Fine,0
Extra Terrestrial Visitors,4
Dracula 3000,0
The Wild World of Batwoman,1
Surf School,0
Epic Movie,0
Alone in the Dark,0
The Starfighters,4
Leonard Part 6,0
Final Justice,0
Eegah,0
Die Hard Dracula,0
The Class,0
United Passions,0
Gigli,1
Kyaa Kool Hain Hum 3,2
The Pumaman,4
Battlefield Earth,2
Too Beautiful,0
Smolensk,1
Track of the Moon Beast,4
Anne B. Real,4
Invasion of the Neptune Men,3
The Incredibly Strange Creatures Who Stopped Living and Became Mixed-Up Zombies!!?,1
Zaat,0
The Skydivers,4
Girl in Gold Boots,4
The Oogieloves in the Big Balloon Adventure,1
Chairman of the Board,0
Lawnmower Man 2: Beyond Cyberspace,0
Dark Harvest II: The Maize,4
The Touch of Satan,4
Baby Geniuses,0
Soultaker,1
The Blade Master,0
Prince of Space,0
Simon Sez,0
Santa Claus Conquers the Martians,1
Tees Maar Khan,0
Breaking Wind,1
Santa with Muscles,5
Zombie Nightmare,2
Boggy Creek II: And the Legend Continues,0
A Story About Love,4
Fat Slags,1
"Car 54, Where Are You?",0
Dragonball: Evolution,1
The Aztec Mummy Against the Humanoid Robot,0
Body in the Web,0
Mitchell,0
Theodore Rex,0
Santa Claus,0
Laserblast,0
Ed,0
Survival Island,0
Time Chasers,5
Devil Fish,0
Meet the Spartans,1
It's Pat: The Movie,1
I Accuse My Parents,0
The Bat People,2
Danes Without a Clue,0
Ghosts Can't Do It,4
Warrior of the Lost World,0
The Shawshank Redemption,0
The Godfather,1
The Godfather: Part II,1
The Dark Knight,0
12 Angry Men,0
Schindler's List,0
The Lord of the Rings: The Return of the King,0
Pulp Fiction,1
Fight Club,5
The Lord of the Rings: The Fellowship of the Ring,0
Forrest Gump,0
Star Wars: Episode V - The Empire Strikes Back,2
Inception,0
The Lord of the Rings: The Two Towers,0
One Flew Over the Cuckoo's Nest,0
Goodfellas,1
The Matrix,0
Star Wars: Episode IV - A New Hope,0
Se7en,0
It's a Wonderful Life,5
The Silence of the Lambs,4
The Usual Suspects,0
Léon: The Professional,2
Saving Private Ryan,3
City Lights,0
Interstellar,0
American History X,0
Modern Times,4
Casablanca,0
The Green Mile,1
Psycho,4
Raiders of the Lost Ark,0
The Pianist,0
Rear Window,0
The Departed,5
Whiplash,4
Terminator 2: Judgment Day,0
Back to the Future,0
Gladiator,2
The Lion King,0
The Prestige,0
Apocalypse Now,0
Memento,0
The Great Dictator,0
Sunset Boulevard,0
Alien,2
Dr. Strangelove or: How I Learned to Stop Worrying and Love the Bomb,5
Paths of Glory,2
Django Unchained,0
The Shining,2
Witness for the Prosecution,0
The Dark Knight Rises,0
WALL·E,0
American Beauty,0
Once Upon a Time in America,0
Aliens,1
Citizen Kane,0
North by Northwest,3
Vertigo,0
Star Wars: Episode VI - Return of the Jedi,2
Braveheart,0
Reservoir Dogs,2
Double Indemnity,5
Requiem for a Dream,1
Lawrence of Arabia,1
The Kid,1
A Clockwork Orange,0
Amadeus,1
To Kill a Mockingbird,0
Eternal Sunshine of the Spotless Mind,0
Singin' in the Rain,0
Taxi Driver,0
The Sting,4
Toy Story 3,1
2001: A Space Odyssey,0
Full Metal Jacket,0
Baby Driver,4
Toy Story,0
Inglourious Basterds,3
Snatch,0
The Apartment,0
All About Eve,5
Monty Python and the Holy Grail,0
Scarface,0
L.A. Confidential,0
Good Will Hunting,0
The Treasure of the Sierra Madre,0
Indiana Jones and the Last Crusade,0
Some Like It Hot,0
Batman Begins,2
Up,4
The Third Man,0
Unforgiven,4
Judgment at Nuremberg,0
Raging Bull,5
The Great Escape,0
Heat,3
Die Hard,0
The Gold Rush,0
Chinatown,0
On the Waterfront,5
Mr. Smith Goes to Washington,0
The General,0
Inside Out,4
The Bridge on the River Kwai,2
Room,4
La La Land,0
Logan,4
Blade Runner,0
"Lock, Stock and Two Smoking Barrels",0
Casino,0
A Beautiful Mind,2
The Elephant Man,0
Warrior,1
V for Vendetta,4
The Wolf of Wall Street,0
Dial M for Murder,5
Hacksaw Ridge,0
Gone with the Wind,4
The Message,0
Rebecca,0
Trainspotting,0
The Deer Hunter,5
Cool Hand Luke,0
Gran Torino,0
The Big Lebowski,1
The Thing,1
It Happened One Night,2
Fargo,0
The Sixth Sense,0
Finding Nemo,2
Mary and Max,0
No Country for Old Men,0
How to Train Your Dragon,4
There Will Be Blood,2
Into the Wild,2
Kill Bill: Vol. 1,1
Gone Girl,0
Life of Brian,0
Network,0
Shutter Island,0
In the Name of the Father,5
Rush,1
Hotel Rwanda,0
Platoon,4
Song of the Sea,4
Ben-Hur,0
Stand by Me,2
Hachi: A Dog's Tale,0
Kind Hearts and Coronets,0
The Maltese Falcon,0
Butch Cassidy and the Sundance Kid,0
The Legend of 1900,0
Spotlight,1
Brief Encounter,4
The Best Years of Our Lives,0
The Grapes of Wrath,2
12 Years a Slave,0
The Grand Budapest Hotel,1
Mad Max: Fury Road,3
The Princess Bride,1
What Ever Happened to Baby Jane?,0
Million Dollar Baby,4
Jurassic Park,0
Touch of Evil,0
Spider-Man: Homecoming,0
Before Sunrise,4
The Truman Show,5
Harry Potter and the Deathly Hallows: Part 2,0
Star Wars: The Force Awakens,0
"Paris, Texas",2
The Last Picture Show,3
Gandhi,0
Barry Lyndon,5
Rocky,0
Annie Hall,0
Prisoners,0
Donnie Darko,0
Catch Me If You Can,1
The Man Who Shot Liberty Valance,0
Laura,4
"Monsters, Inc.",0
The Bourne Ultimatum,0
Cat on a Hot Tin Roof,0
The Wizard of Oz,0
Sleuth,0
Roman Holiday,0
Out of the Past,0
Anatomy of a Murder,0
Who's Afraid of Virginia Woolf?,4
The Terminator,0
Groundhog Day,0
The Help,5
Strangers on a Train,0
The Night of the Hunter,4
All Quiet on the Western Front,4
Beauty and the Beast,4
Lion,2
Twelve Monkeys,0
Guardians of the Galaxy,3
Dog Day Afternoon,0
Jaws,0
Zootopia,0
Guardians of the Galaxy Vol. 2,2
Pirates of the Caribbean: The Curse of the Black Pearl,0
Before Sunset,0
The Imitation Game,0
Young Frankenstein,5
Stalag 17,0
Dogville,4
Dead Poets Society,0
High Noon,0
Papillon,0
A Streetcar Named Desire,0
Arsenic and Old Lace,2
Sin City,0
The Hustler,5
A Night at the Opera,0
The Killing,0
The Avengers,0
Notorious,3
Harvey,2
The Martian,5
The Exorcist,0
Rio Bravo,4
The Philadelphia Story,0
Rope,2
The Big Sleep,2
Pink Floyd: The Wall,0
The King's Speech,1
A Christmas Story,4
The Graduate,0
JFK,0
Sling Blade,0
Blood Diamond,0
Magnolia,5
Rain Man,0
The Revenant,0
The Nightmare Before Christmas,0
The Manchurian Candidate,0
Deadpool,0
The Wild Bunch,5
Aladdin,0
Big Fish,0
Patton,1
The Lost Weekend,1
Short Term 12,0
His Girl Friday,0
The Straight Story,5
Slumdog Millionaire,0
Anand,1
Drishyam,2
Nayakan,0
Anbe Sivam,4
Dangal,0
Gol Maal,0
Black Friday,0
Like Stars on Earth,5
Jaane Bhi Do Yaaro,0
3 Idiots,0
Pather Panchali,2
Chupke Chupke,2
Thalapathi,0
Khosla Ka Ghosla!,0
A Wednesday,0
Thani Oruvan,0
Rang De Basanti,3
Baahubali 2: The Conclusion,0
Drishyam,2
Sholay,2
Talvar,5
Hera Pheri,0
Munna Bhai M.B.B.S.,0
Andaz Apna Apna,0
Paan Singh Tomar,1
Queen,2
Black,4
Jo Jeeta Wohi Sikandar,0
Gangs of Wasseypur,0
Swades,0
OMG: Oh My God!,0
Shahid,1
Bhaag Milkha Bhaag,1
The World of Apu,0
Udaan,0
Chak de! India,0
Jigarthanda,5
Kahaani,0
Satya,5
Pink,4
Dil Chahta Hai,0
Aparajito,0
Premam,4
Lagaan: Once Upon a Time in India,1
PK,0
Ustad Hotel,5
Roja,4
Sarfarosh,2
Iqbal,0
Maqbool,1
Bangalore Days,0
Sairat,0
Omkara,0
Lage Raho Munna Bhai,0
Zindagi Na Milegi Dobara,0
Baasha,5
Bommarillu,4
Dilwale Dulhania Le Jayenge,0
Barfi!,4
Ugly,1
The Legend of Bhagat Singh,1
Deewaar,0
Anniyan,0
Haider,4
Mother India,4
Masaan,0
Dev D,4
Gulaal,0
Athadu,0
Bombay,4
Lucia,0
Company,0
Special 26,0
Hindustani,0
Jab We Met,4
Manjhi: The Mountain Man,0
Vaastav: The Reality,0
Airlift,0
Bajrangi Bhaijaan,2
Ankhon Dekhi,0
Baahubali: The Beginning,0
Kal Ho Naa Ho,0
Hey Ram,0
Baby,5
Ab Tak Chhappan,1
Lakshya,5
Johnny Gaddaar,0
My Name Is Khan,5
Gangaajal,5
English Vinglish,0
Vaaranam Aayiram,0
Border,0
Manam,2
Hindi Medium,0
Rock On!!,0
Okkadu,4
Don,0
Mr. India,2
Oye Lucky! Lucky Oye!,0
RangiTaranga,0
The Lunchbox,4
Udta Punjab,0
Vicky Donor,0
Nayak: The Real Hero,0
Kapoor & Sons,2
Samsara,0
Guru,0
Earth,4
Aamir,0
Eega,0
Agneepath,4
Veer-Zaara,0
Pokiri,0
Pyaar Ka Punchnama,2
Neerja,1
Sarkar,1
Madras Cafe,3
Kabhi Haan Kabhi Naa,0
Darr,0
Bheja Fry,0
Tanu Weds Manu Returns,0
Kuch Kuch Hota Hai,0
Kai po che!,0
M.S. Dhoni: The Untold Story,1
The Ghazi Attack,0
24,0
Baazigar,4
Detective Byomkesh Bakshy!,0
Jodhaa Akbar,0
Wake Up Sid,4
Highway,4
Aankhen,2
Magadheera,0
Delhi Belly,0
Piku,0
Rockstar,0
Qayamat Se Qayamat Tak,4
Dil Se..,1
Saala Khadoos,1
Socha Na Tha,0
Devdas,2
Hum Aapke Hain Koun...!,0
Khakee,0
Hum Dil De Chuke Sanam,4
Kaththi,0
Raanjhanaa,0
Hungama,1
Rangeela,4
Ghilli,2
1 - Nenokkadine,0
Rocket Singh: Salesman of the Year,0
Jaane Tu... Ya Jaane Na,0
Madaari,2
Peepli (Live),5
Thuppakki,5
Dum Laga Ke Haisha,0
Ghajini,0
Dear Zindagi,0
Mankatha,0
Baghban,5
Yuva,0
Badlapur,2
Guzaarish,0
Khiladi,0
Chachi 420,0
Kaminey,1
Kabhi Khushi Kabhie Gham...,0
Sivaji,0
Once Upon a Time in Mumbai,0
Maine Pyar Kiya,0
Monsoon Wedding,0
Life in a Metro,0
Page 3,0
Jolly LLB,0
Ghulam,0
Ishqiya,0
Khaleja,0
Golmaal: Fun Unlimited,0
Lootera,5
Mardaani,0
Raman Raghav 2.0,0
Parineeta,1
Shaitan,0
Ghajini,0
Srimanthudu,0
Band Baaja Baaraat,0
Holiday,0
Pyaar Ka Punchnama 2,2
Bhool Bhulaiyaa,2
Dookudu,0
Shanghai,5
Namastey London,1
Taxi No. 9 2 11: Nau Do Gyarah,0
Tere Bin Laden,0
No One Killed Jessica,0
Jolly LLB 2,0
Te3n,0
D-Day,1
Nanban,0
Ayan,4
Nannaku Prematho,5
Uppi 2,1
Paa,4
Talaash,0
Mohra,0
Nh10,0
Fanaa,0
i,0
Don,0
Gunda,3
Dedh Ishqiya,0
Bajirao Mastani,5
Gadar: Ek Prem Katha,1
Gabbar is Back,0
Raajneeti,2
Wazir,0
Yennai Arindhaal,0
Dasavatharam,5
Tamasha,1
Shootout at Lokhandwala,0
Dhobi Ghat,1
Dhamaal,0
Race Gurram,0
Luck by Chance,0
Koi... Mil Gaya,4
Atharintiki Daaredi,2
Rab Ne Bana Di Jodi,0
Table No. 21,0
Sanam Teri Kasam,2
The Great Father,0
Chaar Sahibzaade,0
Hum Tum,0
Tere Naam,0
Pokkiri,0
Mohabbatein,0
Dil To Pagal Hai,0
Sultan,0
Rustom,0
Pardes,0
Karthik Calling Karthik,0
Waqt: The Race Against Time,0
Raju Ban Gaya Gentleman,0
Kaabil,0
Business Man,0
Saathiya,0
Fashion,0
Main Hoon Na,5
2 States,0
Don 2,5
Yeh Jawaani Hai Deewani,0
"The Good, the Bad and the Ugly",0
Seven Samurai,0
City of God,0
Life Is Beautiful,0
Spirited Away,0
Once Upon a Time in the West,0
The Intouchables,4
Cinema Paradiso,0
The Lives of Others,0
Grave of the Fireflies,4
Princess Mononoke,0
Oldboy,2
Das Boot,1
M,0
Amélie,0
Your Name,0
Bicycle Thieves,0
For a Few Dollars More,0
The Hunt,0
My Father and My Son,2
Rashomon,0
A Separation,0
Metropolis,0
Yojimbo,0
Downfall,0
Children of Heaven,2
Ikiru,0
Pan's Labyrinth,4
My Neighbor Totoro,0
Ran,0
The Secret in Their Eyes,0
Howl's Moving Castle,4
Incendies,2
The Seventh Seal,0
Andrei Rublev,1
Wild Strawberries,2
The Bandit,1
Sunrise,5
Tokyo Story,5
The Passion of Joan of Arc,0
Come and See,4
Wild Tales,0
The Wages of Fear,0
The 400 Blows,4
Persona,0
Memories of Murder,4
Amores Perros,0
Stalker,0
The Nights of Cabiria,0
Nausicaä of the Valley of the Wind,0
Diabolique,1
8½,0
La Haine,4
Infernal Affairs,0
The Battle of Algiers,0
In the Mood for Love,4
Avatar,0
Pirates of the Caribbean: At World's End,0
Spectre,0
The Lone Ranger,0
John Carter,0
Tangled,1
Spider-Man 3,0
Avengers: Age of Ultron,0
Captain America: Civil War,0
Batman v Superman: Dawn of Justice,0
The Hobbit: An Unexpected Journey,3
Harry Potter and the Half-Blood Prince,0
The Hobbit: The Desolation of Smaug,1
The Hobbit: The Battle of the Five Armies,0
Pirates of the Caribbean: On Stranger Tides,0
Superman Returns,0
Quantum of Solace,0
Pirates of the Caribbean: Dead Man's Chest,0
Man of Steel,0
The Chronicles of Narnia: Prince Caspian,1
The Amazing Spider-Man,2
Jurassic World,0
Men in Black 3,0
Transformers: Revenge of the Fallen,0
Transformers: Age of Extinction,0
X-Men: The Last Stand,0
Robin Hood,0
Battleship,0
The Golden Compass,4
King Kong,0
Titanic,0
Iron Man 3,0
Spider-Man 2,0
Alice in Wonderland,0
Skyfall,0
Monsters University,0
Oz the Great and Powerful,0
X-Men: Days of Future Past,1
The Amazing Spider-Man 2,0
Cars 2,0
TRON: Legacy,1
2012,2
Terminator Salvation,0
Green Lantern,0
Prince of Persia: The Sands of Time,4
Transformers: Dark of the Moon,1
Jack the Giant Slayer,1
Furious 7,2
Star Trek Into Darkness,0
World War Z,0
The Great Gatsby,0
A Christmas Carol,5
Pacific Rim,0
The Good Dinosaur,0
Iron Man,2
Indiana Jones and the Kingdom of the Crystal Skull,0
Brave,0
Star Trek Beyond,1
"The Chronicles of Narnia: The Lion, the Witch and the Wardrobe",0
Maleficent,0
Rush Hour 3,2
The Legend of Tarzan,0
Hugo,0
Jupiter Ascending,4
X-Men: Apocalypse,2
Edge of Tomorrow,0
The Jungle Book,2
Monsters vs. Aliens,4
Suicide Squad,0
G.I. Joe: The Rise of Cobra,5
Wild Wild West,1
The Mummy: Tomb of the Dragon Emperor,0
Evan Almighty,0
Waterworld,4
47 Ronin,0
Time Traveller,5
Iron Man 2,0
Captain America: The Winter Soldier,0
Dawn of the Planet of the Apes,0
The Polar Express,4
Snow White and the Huntsman,0
Terminator 3: Rise of the Machines,0
Tomorrowland,0
Alice Through the Looking Glass,0
Shrek Forever After,0
Big Hero 6,3
Wreck-It Ralph,0
Independence Day: Resurgence,0
Shrek the Third,0
The Hunger Games: Mockingjay - Part 2,0
The Fast and the Furious,0
Shin Godzilla,0
X-Men: First Class,0
The Curious Case of Benjamin Button,0
The Sorcerer's Apprentice,0
Poseidon,1
Warcraft: The Beginning,0
The Chronicles of Narnia: The Voyage of the Dawn Treader,1
Terminator Genisys,0
Alexander,0
Pearl Harbor,1
Transformers,5
Frozen,0
Harry Potter and the Order of the Phoenix,0
Harry Potter and the Goblet of Fire,4
The Matrix Reloaded,0
I Am Legend,0
Hancock,0
Charlie and the Chocolate Factory,4
Ratatouille,4
Thor: The Dark World,0
Mission: Impossible - Rogue Nation,0
Thor,1
Madagascar: Escape 2 Africa,1
X-Men Origins: Wolverine,0
Night at the Museum: Battle of the Smithsonian,0
Kung Fu Panda 2,0
The Matrix Revolutions,1
Mission: Impossible III,0
Angels & Demons,0
Troy,5
The Last Airbender,4
Bee Movie,0
G-Force,0
Bolt,1
Wrath of the Titans,0
Beowulf,1
Dark Shadows,5
White House Down,3
The Wolfman,0
Pan,0
Mars Needs Moms,4
Passengers,0
Flushed Away,1
Madagascar 3: Europe's Most Wanted,0
Mission: Impossible - Ghost Protocol,1
How to Train Your Dragon 2,0
Mr. Peabody & Sherman,1
Rise of the Guardians,0
Sahara,0
Ghostbusters,0
Die Another Day,0
Star Trek,1
Armageddon,2
Men in Black II,0
Captain America: The First Avenger,0
Kung Fu Panda 3,0
Lethal Weapon 4,0
G.I. Joe: Retaliation,1
The Last Samurai,5
Fun with Dick and Jane,0
Exodus: Gods and Kings,1
The BFG,5
Gods of Egypt,0
Spider-Man,2
Watchmen,0
Stealth,0
The Incredible Hulk,0
Hulk,0
Final Fantasy: The Spirits Within,0
The Twilight Saga: Breaking Dawn - Part 2,2
The Croods,2
The World Is Not Enough,0
Rango,0
Master and Commander: The Far Side of the World,0
Turbo,0
Teenage Mutant Ninja Turtles: Out of the Shadows,2
Happy Feet Two,2
War of the Worlds,2
Penguins of Madagascar,1
The Hunger Games: Catching Fire,0
Harry Potter and the Prisoner of Azkaban,0
Kung Fu Panda,1
Ant-Man,0
Home,5
Puss in Boots,5
Megamind,1
Bad Boys II,0
Rio 2,0
Salt,0
Noah,0
The Adventures of Tintin,0
After Earth,0
Australia,0
R.I.P.D.,0
Dinosaur,5
Night at the Museum: Secret of the Tomb,0
Harry Potter and the Deathly Hallows: Part II,0
The Hunger Games: Mockingjay - Part 1,0
Harry Potter and the Sorcerer's Stone,4
Harry Potter and the Deathly Hallows: Part I,0
The Da Vinci Code,0
X-Men 2,1
Fast Five,0
Teenage Mutant Ninja Turtles,3
Sherlock Holmes: A Game of Shadows,0
The Day After Tomorrow,0
Clash of the Titans,0
Prometheus,0
The Bourne Legacy,5
Batman & Robin,0
Total Recall,0
The 13th Warrior,4
How the Grinch Stole Christmas,0
Mission: Impossible II,0
The Perfect Storm,5
Fantastic 4: Rise of the Silver Surfer,1
Life of Pi,4
Ghost Rider,0
Jason Bourne,1
Charlie's Angels: Full Throttle,1
Elysium,0
Oblivion,0
Stuart Little 2,0
RoboCop,0
The Chronicles of Riddick,1
Fantastic Four,1
Speed Racer,2
The Island,0
How Do You Know,0
Trolls,2
Knight and Day,4
Star Wars: Episode I - The Phantom Menace,4
Star Wars: Episode III - Revenge of the Sith,0
Star Wars: Episode II - Attack of the Clones,0
The Wolverine,0
Dante's Peak,0
The Huntsman: Winter's War,0
Windtalkers,0
Asterix at the Olympic Games,0
Gulliver's Travels,0
Gravity,0
Night at the Museum,0
Mr. & Mrs. Smith,0
San Andreas,0
The Smurfs,0
Live Free or Die Hard,4
Insurgent,0
Ocean's Twelve,0
Tomorrow Never Dies,0
The Patriot,0
300: Rise of an Empire,0
The Aviator,0
The Green Hornet,0
Real Steel,0
The Smurfs 2,1
Allegiant,2
The Taking of Pelham 123,0
Ender's Game,0
Home on the Range,0
Speed 2: Cruise Control,0
Kingdom of Heaven,0
Around the World in 80 Days,0
The Cat in the Hat,0
Ali,0
"I, Robot",0
Stuart Little,2
Town & Country,0
Gone in Sixty Seconds,0
Public Enemies,1
Casino Royale,0
Minority Report,0
Cloud Atlas,5
Harry Potter and the Chamber of Secrets,0
Batman Forever,1
Planet of the Apes,5
National Treasure,0
Little Fockers,0
True Lies,0
American Gangster,0
Cloudy with a Chance of Meatballs,0
The Other Guys,0
Epic,3
Eraser,0
The Hunchback of Notre Dame,0
The Emperor's New Groove,0
The Expendables 2,0
Where the Wild Things Are,4
Eragon,0
Hercules,0
The Tourist,4
End of Days,0
The Stepford Wives,4
Surf's Up,0
Legend of the Guardians: The Owls of Ga'Hoole,4
Starship Troopers,0
Land of the Lost,0
Catwoman,4
The Expendables 3,0
Treasure Planet,1
Green Zone,0
Point Break,4
In the Heart of the Sea,0
Transcendence,0
The Spanish Prisoner,5
The Adventures of Pluto Nash,0
The Flowers of War,3
The Peanuts Movie,0
The Mummy Returns,1
Gangs of New York,0
Jack Reacher: Never Go Back,0
Cinderella,4
Ice Age: Continental Drift,0
Black Hawk Down,0
Sex and the City 2,0
Percy Jackson & the Olympians: The Lightning Thief,0
The Campaign,5
Unstoppable,4
The Fifth Element,0
The Road to El Dorado,0
The Lovely Bones,2
Seventh Son,4
Ben-Hur,0
Lara Croft: Tomb Raider,0
Jurassic Park III,0
Rise of the Planet of the Apes,0
The Spiderwick Chronicles,0
The Incredibles,2
A Good Day to Die Hard,0
The Alamo,3
Cutthroat Island,0
The Secret Life of Walter Mitty,0
Men in Black,0
Toy Story 2,0
Rush Hour 2,0
Sherlock Holmes,0
Ice Age: Dawn of the Dinosaurs,0
What Lies Beneath,1
Rio,0
Charlie's Angels,0
Mulan,4
Tropic Thunder,3
The Girl with the Dragon Tattoo,4
Contact,0
You Don't Mess with the Zohan,5
Die Hard with a Vengeance,0
Alvin and the Chipmunks: The Road Chip,0
Atlantis: The Lost Empire,3
Valkyrie,0
Pixels,0
A.I. Artificial Intelligence,0
The Haunted Mansion,2
Hollow Man,0
The Interpreter,0
Percy Jackson: Sea of Monsters,0
Lara Croft Tomb Raider: The Cradle of Life,0
Now You See Me 2,1
Spy Game,0
The Saint,1
Mission to Mars,0
Bicentennial Man,5
King Arthur: Legend of the Sword,0
Volcano,0
The Devil's Own,0
K-19: The Widowmaker,0
Conan the Barbarian,0
The Three Musketeers,1
The Nutcracker in 3D,4
Twister,0
Cinderella Man,1
Seabiscuit,0
Cast Away,0
Happy Feet,0
Ocean's Eleven,0
The Bourne Supremacy,0
Air Force One,2
Divergent,0
Hotel Transylvania,0
Enchanted,4
Safe House,4
Ocean's Thirteen,0
It's Complicated,0
Enemy of the State,0
Open Season,0
Tower Heist,3
102 Dalmatians,0
Mirror Mirror,5
The Holiday,0
The Fast and the Furious: Tokyo Drift,0
Memoirs of a Geisha,0
Enemy at the Gates,0
Last Action Hero,4
The Rundown,0
Arthur Christmas,4
Cats & Dogs: The Revenge of Kitty Galore,1
Meet Joe Black,4
Collateral Damage,2
All That Jazz,0
Dredd,0
Zodiac,0
Scott Pilgrim vs. the World,0
The Core,1
Creepshow,5
Scooby-Doo,2
Nutty Professor II: The Klumps,0
RED 2,0
Click,0
Charlotte's Web,0
Jumper,0
Hellboy II: The Golden Army,1
The Longest Yard,0
The Expendables,0
The 6th Day,0
Bruce Almighty,0
The Hunger Games,0
The Hangover Part II,0
Mission: Impossible,5
Hotel Transylvania 2,0
Batman Returns,0
The Mummy,5
Over the Hedge,2
Lilo & Stitch,0
Deep Impact,0
Grown Ups 2,2
Alvin and the Chipmunks: Chipwrecked,0
Get Smart,0
Robots,4
Something's Gotta Give,4
Four Christmases,0
Face/Off,0
Bedtime Stories,0
Road to Perdition,0
Just Go with It,0
Eagle Eye,2
Con Air,0
Yogi Bear,0
Cold Mountain,0
The Book of Eli,0
Flubber,5
The Haunting,0
Space Jam,0
Fury,0
The Pink Panther,0
Zookeeper,3
The Day the Earth Stood Still,0
Conspiracy Theory,0
Six Days Seven Nights,0
Spirit: Stallion of the Cimarron,0
Swordfish,0
Lost in Space,2
The Manchurian Candidate,0
Déjà Vu,0
Fantasia 2000,5
The Time Machine,0
What Dreams May Come,2
Mighty Joe Young,4
The Legend of Zorro,0
Little Nicky,2
Surrogates,0
Evolution,1
The Brothers Grimm,0
Mars Attacks!,0
The Edge,5
Walking with Dinosaurs 3D,0
Thirteen Days,0
Daylight,0
The Last Witch Hunter,1
Pompeii,0
Looney Tunes: Back in Action,1
Nine,0
Timeline,3
Oceans,5
Babe: Pig in the City,0
The Postman,0
Red Planet,0
Arthur and the Invisibles,0
The Invasion,0
A Sound of Thunder,0
Top Cat Begins,0
Journey 2: The Mysterious Island,0
Jack and Jill,0
Cloudy with a Chance of Meatballs 2,1
Red Dragon,1
Hidalgo,0
The League of Extraordinary Gentlemen,3
Exorcist: The Beginning,0
The Little Prince,0
Despicable Me 2,0
2 Fast 2 Furious,0
Children of Men,4
The Adventures of Rocky & Bullwinkle,4
The Secret Life of Pets,1
Independence Day,1
The Lost World: Jurassic Park,0
Ice Age: The Meltdown,0
Madagascar,0
Grown Ups,2
Shark Tale,0
X-Men,0
Wanted,0
The Rock,3
50 First Dates,0
Hairspray,0
Now You See Me,5
Dreamgirls,0
Inspector Gadget,0
Immortals,0
The Terminal,5
Monster House,0
Hotel for Dogs,0
Vertical Limit,0
Charlie Wilson's War,0
Be Cool,0
Munich,0
Killers,4
The Man from U.N.C.L.E.,0
Tears of the Sun,0
Lady in the Water,4
Spanglish,2
Bandits,0
Anna and the King,1
First Knight,0
Sucker Punch,4
Hostage,2
Hollywood Homicide,3
Titan A.E.,4
Flight of the Phoenix,0
Soldier,0
Carriers,0
Monkeybone,0
Minions,0
The SpongeBob Movie: Sponge Out of Water,0
Unbreakable,0
Talladega Nights: The Ballad of Ricky Bobby,0
The Angry Birds Movie,0
Snake Eyes,0
Sphere,0
The Simpsons Movie,2
Fool's Gold,0
Funny People,0
The Kingdom,0
Dr. Dolittle 2,0
Jarhead,0
Driven,4
The Majestic,0
Two Brothers,0
The Village,0
Doctor Dolittle,0
Signs,2
Shrek 2,0
Cars,2
Alvin and the Chipmunks: The Squeakquel,1
Runaway Bride,4
xXx,5
Ransom,0
Hook,0
Die Hard 2,0
S.W.A.T.,5
Vanilla Sky,0
Olympus Has Fallen,0
Battle Los Angeles,0
AVP: Alien vs. Predator,0
War Horse,0
We Were Soldiers,1
The Monuments Men,5
Star Trek: Insurrection,0
Wolf,0
Underworld Awakening,1
Dracula Untold,2
The Abyss,0
Wall Street: Money Never Sleeps,0
The Dilemma,0
The Siege,1
Stardust,4
Rock of Ages,0
Seven Years in Tibet,0
Sky Captain and the World of Tomorrow,0
I Spy,0
Bad Company,0
Doom,0
The Finest Hours,1
Escape Plan,0
Killer Elite,0
Hard Rain,0
Hart's War,0
Rollerball,1
The Legend of Hercules,1
Ballistic: Ecks vs. Sever,0
Osmosis Jones,0
Legends of Oz: Dorothy's Return,0
Blackhat,0
Basic Instinct 2,0
Agora,0
Despicable Me,0
Dinner for Schmucks,0
The Twilight Saga: Eclipse,0
The Sum of All Fears,0
Ted 2,0
The Score,5
Hall Pass,0
Money Train,0
Dreamcatcher,0
Mystery Men,3
The Insider,0
Body of Lies,0
Abraham Lincoln: Vampire Hunter,0
The Last Legion,4
Entrapment,5
The X Files,0
Need for Speed,0
What Women Want,2
Lincoln,0
Ice Age,0
Apollo 13,0
Les Misérables,1
The Santa Clause 2,0
You've Got Mail,0
Unbroken,2
Due Date,0
Step Brothers,0
The Mask of Zorro,4
Space Cowboys,0
Annie,0
Cliffhanger,0
Broken Arrow,0
World Trade Center,0
The Kid,5
Mona Lisa Smile,0
The Dictator,1
Eyes Wide Shut,0
This Means War,4
Focus,4
Blade: Trinity,0
Red Dawn,3
We Are Marshall,0
Everest,1
Resident Evil: Retribution,0
Primary Colors,0
Death Race,0
The Long Kiss Goodnight,4
Proof of Life,0
Zathura: A Space Adventure,4
Elektra,3
Astro Boy,0
"I, Frankenstein",0
Hudson Hawk,0
Sin City: A Dame to Kill For,0
Lucky Numbers,0
Oliver Twist,5
Dragon Blade,5
Littleman,0
Random Hearts,0
Perfume: The Story of a Murderer,0
Austin Powers in Goldmember,0
Hop,0
Wyatt Earp,2
Clear and Present Danger,0
U-571,0
The American President,0
The Hateful Eight,0
The Love Guru,0
3000 Miles to Graceland,0
Blades of Glory,0
Maze Runner: The Scorch Trials,2
2 Guns,0
Meet the Fockers,2
The Lego Movie,5
300,0
Wild Hogs,3
Marley & Me,2
Chicken Little,2
The Bourne Identity,0
Couples Retreat,0
GoldenEye,0
The Italian Job,2
Daddy Day Care,0
The General's Daughter,0
The Prince of Egypt,5
Collateral,0
Cats & Dogs,0
Two Weeks Notice,0
Antz,0
The Scorpion King,0
RED,0
Starsky & Hutch,0
Days of Thunder,4
Cheaper by the Dozen 2,2
Eat Pray Love,4
Jack Reacher,0
Man on Fire,2
The Family Man,0
Contagion,0
Any Given Sunday,0
The Horse Whisperer,1
Coraline,5
Ladder 49,0
Deep Blue Sea,3
This Is It,0
Kangaroo Jack,0
The Happening,4
London Has Fallen,0
The Shaggy Dog,0
Jingle All the Way,0
Hellboy,0
A Civil Action,1
Joy,2
ParaNorman,0
The Jackal,5
Paycheck,0
Up Close & Personal,4
The Tale of Despereaux,0
The Boxtrolls,4
The Tuxedo,0
Jack Ryan: Shadow Recruit,4
Under Siege 2: Dark Territory,0
Miss Congeniality 2: Armed and Fabulous,2
Alien: Resurrection,0
Shooter,0
Practical Magic,0
Gangster Squad,0
Star Trek: Nemesis,1
Reign of Fire,0
Year One,2
Righteous Kill,0
Invictus,0
State of Play,0
Duplicity,0
My Favorite Martian,0
Edge of Darkness,0
Planet 51,5
Trouble with the Curve,0
Intolerable Cruelty,0
The Relic,0
Almost Famous,0
Analyze That,0
The Soloist,0
The Mortal Instruments: City of Bones,0
Mercury Rising,0
The Legend of Bagger Vance,0
Priest,0
Garfield 2,0
xXx: State of the Union,0
Event Horizon,0
Sinbad: Legend of the Seven Seas,1
Dragonfly,0
The Black Dahlia,0
Dark Water,0
Edtv,0
Flyboys,1
The Last Castle,0
Winter's Tale,0
Supernova,0
Meet Dave,0
The Great Raid,3
Inkheart,4
Mortdecai,0
The Spirit,1
In the Name of the King: A Dungeon Siege Tale,0
Beyond Borders,0
The Monkey King 2,1
American Sniper,0
Goosebumps,4
Holy Man,0
Rambo III,0
Just Like Heaven,4
The Flintstones in Viva Rock Vegas,0
Leatherheads,0
The Ridiculous 6,5
Did You Hear About the Morgans?,0
The Internship,3
Resident Evil: Afterlife,3
Red Tails,0
The Devil's Advocate,5
That's My Boy,0
Ghost Rider: Spirit of Vengeance,0
DragonHeart,1
After the Sunset,1
Captain Corelli's Mandolin,0
The Pacifier,0
Walking Tall,0
Alvin and the Chipmunks,0
Hitch,0
Meet the Parents,0
The Pursuit of Happyness,0
Pocahontas,5
Superman,5
The Nutty Professor,0
Captain Phillips,1
George of the Jungle,4
American Wedding,0
The Equalizer,4
Casper,0
Date Night,0
Maid in Manhattan,0
Crimson Tide,4
Flightplan,4
Disclosure,0
City of Angels,0
Paddington,2
Mr. Popper's Penguins,1
Bowfinger,0
Kill Bill: Vol. 2,1
Tango & Cash,0
Death Becomes Her,4
Shanghai Noon,2
Executive Decision,0
Free Birds,0
Alien 3,2
The Forbidden Kingdom,0
The Phantom of the Opera,4
Muppets Most Wanted,1
Evita,1
Ronin,0
Burlesque,0
The Ghost and the Darkness,0
Changeling,0
The Watch,3
The Hunted,5
Instinct,4
Stuck on You,0
Semi-Pro,0
The Pirates! Band of Misfits,1
Æon Flux,3
Chain Reaction,0
The Fan,5
Elizabeth: The Golden Age,0
Imagine That,0
Gods and Generals,1
Turbulence,2
Bullet to the Head,2
All the King's Men,1
Thunderbirds,2
A Very Long Engagement,4
Lucky You,0
Lolita,0
Eye See You,0
Superman II,0
Blade II,0
"You, Me and Dupree",0
Seven Pounds,0
The Godfather: Part III,0
Elizabethtown,4
Shaft,0
The Dukes of Hazzard,0
Law Abiding Citizen,0
Black Mass,1
Anastasia,1
Moulin Rouge!,0
Domestic Disturbance,0
Flags of our Fathers,1
Grindhouse,0
Beloved,0
Zero Dark Thirty,0
Mamma Mia!,3
The Break-Up,0
Valentine's Day,0
The Change-Up,0
The Thin Red Line,0
Man on the Moon,1
From Paris with Love,4
Bulletproof Monk,4
"Me, Myself & Irene",4
Barnyard,0
Deck the Halls,0
The Adjustment Bureau,1
The Twilight Saga: New Moon,0
Shrek,2
Ted,0
22 Jump Street,2
Robin Hood: Prince of Thieves,0
Jerry Maguire,0
Daddy's Home,0
As Good as It Gets,0
Patch Adams,1
Into the Woods,2
Anchorman 2: The Legend Continues,0
Super 8,3
Mr. Deeds,0
Central Intelligence,2
Erin Brockovich,5
How to Lose a Guy in 10 Days,4
Interview with the Vampire: The Vampire Chronicles,0
Yes Man,0
Non-Stop,5
Stepmom,4
Failure to Launch,0
Inside Man,0
"Crazy, Stupid, Love.",0
Payback,0
Congo,0
Knowing,0
We Bought a Zoo,2
The Ring Two,0
Moneyball,0
Garfield,0
Christmas with the Kranks,0
Outbreak,0
Race to Witch Mountain,0
Herbie Fully Loaded,0
Shanghai Knights,0
Curious George,1
American Reunion,0
Hansel & Gretel: Witch Hunters,0
I Am Number Four,0
Don't Say a Word,4
13 Hours,0
Unfaithful,0
Syriana,0
Resident Evil: Apocalypse,0
The Book of Life,2
Absolute Power,0
Firewall,0
The Game,2
G.I. Jane,4
Into the Storm,0
The Judge,2
Silent Hill,4
The Replacements,0
The Negotiator,0
Beverly Hills Cop III,0
Gremlins 2: The New Batch,1
The Peacemaker,4
Out of Time,0
Bridget Jones: The Edge of Reason,2
The Beach,0
The Adventures of Sharkboy and Lavagirl 3-D,4
On Deadly Ground,0
Ninja Assassin,4
Raising Helen,4
For Love of the Game,0
Marmaduke,2
Striptease,0
Hereafter,0
Murder by Numbers,0
Assassins,0
Zoolander 2,0
Hannibal Rising,2
The Story of Us,0
The Host,0
Basic,0
Run All Night,0
Blood Work,0
The International,5
Escape from L.A.,0
The Life Aquatic with Steve Zissou,0
The Iron Giant,4
Your Highness,0
Dream House,2
Free State of Jones,0
Gamer,0
Man of the House,3
The Life of David Gale,0
Beautiful Creatures,0
Into the Blue,3
Eastern Promises,2
The Messenger: The Story of Joan of Arc,4
Fair Game,0
Drive Angry,0
Baby's Day Out,0
Mad City,3
The Scarlet Letter,5
Domino,1
Jade,4
Street Fighter: The Legend of Chun-Li,0
Death to Smoochy,0
Pirate Radio,0
The Big Bounce,0
What Planet Are You From?,0
Child 44,0
Arrival,0
The One,0
Chappie,0
The Adventures of Ford Fairlane,0
Anna Karenina,0
Rings,4
Traffic,2
Panic Room,4
Taken 3,0
The Thomas Crown Affair,0
The Bone Collector,0
Three Kings,0
The Tooth Fairy,0
Rat Race,0
3:10 to Yuma,0
K-PAX,0
Kate & Leopold,5
Bedazzled,0
Out of Sight,0
The Cotton Club,1
First Blood,0
The Infiltrator,0
Dick Tracy,1
The Cable Guy,0
Riding in Cars with Boys,0
Happily N'Ever After,5
Solaris,0
Jonah Hex,1
Mary Reilly,0
My Best Friend's Wedding,0
America's Sweethearts,0
First Contact,1
Insomnia,0
Courage Under Fire,0
Inchon,0
Liar Liar,0
A Bug's Life,3
Taken 2,0
The Flintstones,0
Scary Movie 3,0
Miss Congeniality,5
Journey to the Center of the Earth,0
The Pelican Brief,0
The Princess Diaries 2: Royal Engagement,0
The Bucket List,0
The Client,2
The Muppets,0
Patriot Games,2
Monster-in-Law,1
Training Day,0
Galaxy Quest,1
Scary Movie 2,0
Blade,0
Coach Carter,0
The Bounty Hunter,0
Changing Lanes,1
Anaconda,0
Underworld: Evolution,0
Coyote Ugly,0
Love Actually,0
From Hell,1
The Specialist,2
Tin Cup,0
"Yours, Mine and Ours",2
Kicking & Screaming,0
The Hitchhiker's Guide to the Galaxy,1
Resident Evil: Extinction,0
Fat Albert,0
Savages,0
The River Wild,0
Blended,4
Last Holiday,4
16 Blocks,5
The Indian in the Cupboard,0
Cellular,4
The Ant Bully,2
Johnny English,2
Dune,0
Aliens in the Attic,3
Across the Universe,1
Revolutionary Road,4
Babylon A.D.,4
Victor Frankenstein,4
The Glimmer Man,1
Multiplicity,0
The Pledge,4
The Producers,2
The Phantom,1
The Ghost Writer,0
All the Pretty Horses,0
Bangkok Dangerous,4
Nixon,4
Deep Rising,3
Johnny English Reborn,0
Miracle at St. Anna,0
Curse of the Golden Flower,2
Big Trouble,1
Love in the Time of Cholera,4
Pinocchio,0
Shadow Conspiracy,0
Argo,0
The Fugitive,0
Rambo: First Blood Part II,0
Sleepers,3
Charlie St. Cloud,0
The Juror,1
The Interview,0
Heaven's Gate,0
The Heat,5
Finding Forrester,4
28 Days,0
Unleashed,0
The Sweetest Thing,0
The Mechanic,0
The Firm,4
21 Jump Street,0
Notting Hill,1
Chicken Run,0
Along Came Polly,0
Boomerang,0
Brüno,0
Cleopatra,1
Here Comes the Boom,0
High Crimes,0
The Mirror Has Two Faces,0
Red Riding Hood,4
The Mothman Prophecies,0
Licence to Kill,0
One for the Money,0
15 Minutes,0
Lord of War,5
Super Mario Bros.,0
Hero,0
Man on a Ledge,0
The Warrior's Way,0
Micmacs,0
Animal Kingdom: Let's go Ape,1
8 Mile,4
A Knight's Tale,2
The Medallion,0
The Big Year,0
Fifty Shades of Grey,0
The Karate Kid,0
The Proposal,4
American Hustle,0
Cheaper by the Dozen,0
Lucy,4
Lone Survivor,0
Back to the Future Part II,2
Double Jeopardy,4
Spy Kids 3: Game Over,0
A Time to Kill,4
A League of Their Own,0
The Conjuring 2,0
The Social Network,0
42,0
Julie & Julia,0
He's Just Not That Into You,1
Ride Along 2,0
Scary Movie 4,0
Get Hard,0
Scream 3,0
Back to the Future Part III,0
Dumb and Dumber To,0
The Other Woman,2
Bram Stoker's Dracula,1
Eight Below,0
The Talented Mr. Ripley,4
The Intern,0
The Last of the Mohicans,0
Ray,1
Bridge of Spies,0
Vantage Point,1
"I Love You, Man",0
Shallow Hal,4
Big Momma's House 2,5
The Mexican,1
The Final Destination,2
17 Again,0
Unknown,4
Get Him to the Greek,0
Gothika,0
Behind Enemy Lines,0
The Lincoln Lawyer,4
Shall We Dance,0
Escape from Planet Earth,0
Small Soldiers,0
Spawn,5
Horrible Bosses 2,0
The Count of Monte Cristo,4
The Lake House,0
Predators,3
The Odd Life of Timothy Green,0
The Living Daylights,0
Apocalypto,4
Music and Lyrics,4
Legal Eagles,0
Secret Window,0
The Skeleton Key,0
Jersey Boys,1
Made of Honor,4
The Rainmaker,5
Medicine Man,5
Amistad,1
A Million Ways to Die in the West,4
Final Destination 5,0
Fever Pitch,0
Aliens vs. Predator: Requiem,0
Sex Tape,0
Scream 4,0
Ri¢hie Ri¢h,2
Autumn in New York,4
Paul,0
The Guilt Trip,0
Colombiana,4
8MM,0
Hanging Up,0
The Doors,1
Mickey Blue Eyes,5
Pay It Forward,4
Drillbit Taylor,0
Extremely Loud & Incredibly Close,0
The Shadow,0
Morning Glory,5
Get Rich or Die Tryin',0
The Art of War,0
Grudge Match,0
Bless the Child,1
Rent,0
The Out-of-Towners,1
The Island of Dr. Moreau,2
The Musketeer,0
The Other Boleyn Girl,0
Sweet November,4
The Reaping,0
Mean Streets,0
Renaissance Man,3
The Magic Sword: Quest for Camelot,5
City by the Sea,0
At First Sight,0
Torque,0
Fantastic Mr. Fox,5
Showgirls,4
City Hall,1
Big Miracle,2
The Impossible,1
A Thousand Words,2
Marie Antoinette,1
Get Carter,0
Kiss of Death,0
Life or Something Like It,0
Ishtar,0
Memoirs of an Invisible Man,2
Cirque du Freak: The Vampire's Assistant,2
New York Minute,0
The Deep End of the Ocean,1
Alfie,0
Feardotcom,0
Soul Men,0
The Gunman,0
Universal Soldier: The Return,1
Pandorum,0
Duplex,4
Disturbia,0
Raise the Titanic,0
Impostor,0
Extreme Ops,3
Just Visiting,0
Snowpiercer,0
Sunshine,0
The Hudsucker Proxy,0
Hackers,0
Delgo,3
The Hunting Party,0
Alex Rider: Operation Stormbreaker,2
Red Cliff,1
The Last Shot,0
The Warlords,1
Nomad: The Warrior,5
A Monster in Paris,4
Dragon Nest: Warriors' Dawn,0
The Crow,0
The Time Traveler's Wife,0
Superman III,0
Because I Said So,0
Frankenweenie,0
Sgt. Bilko,0
Serenity,1
Against the Ropes,0
The Grandmaster,1
Sweet Home Alabama,4
The Ugly Truth,0
Spy Kids 2: Island of Lost Dreams,1
Star Trek: Generations,0
Paul Blart: Mall Cop 2,2
Water for Elephants,0
The Hurricane,1
Riddick,0
Heartbreakers,0
Enough,4
The 5th Wave,0
Precious,0
Angel Eyes,0
Joe Somebody,0
The Ninth Gate,0
Extreme Measures,0
Rock Star,0
White Squall,0
City of Ember,0
Switchback,5
Texas Rangers,3
Virgin Territory,0
What to Expect When You're Expecting,0
The Master,1
The Express,0
Twilight,0
We're the Millers,2
Creed,1
The Town,0
Dolphin Tale,0
Burn After Reading,0
Nim's Island,4
How to Be Single,3
Cop Out,0
The Rite,5
Space Chimps,0
Aloha,0
Dark Planet,0
John Q,0
Blue Streak,0
Never Say Never Again,0
Hot Tub Time Machine,0
Breakdown,0
Dolphin Tale 2,1
A Man Apart,0
Reindeer Games,2
Snow Falling on Cedars,0
Ghosts of Mississippi,0
Gattaca,0
Isn't She Great,5
Ip Man 3,0
There Be Dragons,0
Head of State,0
The Hangover,0
The Blind Side,1
Batman,1
Austin Powers: The Spy Who Shagged Me,0
True Grit,0
Lethal Weapon 3,0
Identity Thief,4
The Devil Wears Prada,0
Horrible Bosses,0
Spy Kids,1
Trainwreck,4
Saving Mr. Banks,0
Star Trek: The Motion Picture,0
21,0
Cape Fear,2
The English Patient,4
Guess Who,4
This Is 40,0
Sky High,4
In & Out,0
A Nightmare on Elm Street,0
The Cell,5
Species,3
The Benchwarmers,0
Secretariat,0
The Man in the Iron Mask,1
Friends with Benefits,4
Neighbors 2: Sorority Rising,0
TMNT,0
Radio,1
Old Dogs,0
Malcolm X,0
Poltergeist,0
Underworld: Rise of the Lycans,5
Must Love Dogs,0
License to Wed,0
Donnie Brasco,5
Max Payne,2
Resident Evil,0
The Ladykillers,5
Something Borrowed,0
The Nativity Story,0
In Time,0
The Back-up Plan,4
J. Edgar,0
Hot Pursuit,5
Concussion,0
Closer,4
Black Knight,2
The Bad News Bears,5
Street Fighter,0
House of Wax,3
Mirrors,5
Queen of the Damned,1
Nanny McPhee Returns,2
Untraceable,0
Predator 2,0
Abduction,4
Flash Gordon,0
Superhero Movie,0
Blast from the Past,0
Alex Cross,0
Jersey Girl,2
Midnight in the Garden of Good and Evil,0
Heist,0
Hoffa,1
Ella Enchanted,0
The X Files: I Want to Believe,0
Premium Rush,0
Broken City,0
Valiant,0
Wonder Boys,5
Cursed,4
Walk Hard: The Dewey Cox Story,0
The Four Feathers,0
Furry Vengeance,3
Parker,0
Wimbledon,4
Bait,0
Krull,0
Lions for Lambs,0
Flight of the Intruder,0
The Tree of Life,1
American Outlaws,3
Zoom,3
The Shipping News,5
The Young Victoria,0
Sabotage,0
Knock Off,0
Whiteout,0
Unfinished Business,0
The Fountain,0
The Walk,0
Mandela: Long Walk to Freedom,0
Punisher: War Zone,1
The Order,4
A Good Year,0
Femme Fatale,4
Warriors of Virtue,3
Biutiful,0
Radio Flyer,0
"Blood In, Blood Out",0
Smilla's Sense of Snow,0
Playing for Keeps,0
Lion of the Desert,0
The Horseman on the Roof,4
Ride with the Devil,0
Stolen,0
Bandidas,0
Black Water Transit,0
The Darkest Hour,4
The Maze Runner,0
The Longest Ride,4
The Age of Innocence,4
Ponyo,0
Chill Factor,0
The Astronaut's Wife,2
I Dreamed of Africa,0
Thunder and the House of Magic,4
Reds,0
A Few Good Men,0
Big Momma's House,4
Exit Wounds,0
Step Up Revolution,0
Snakes on a Plane,5
The Punisher,5
The Watcher,0
Safe,4
Doomsday,0
Pushing Tin,0
Goal! The Dream Begins,1
The Young and Prodigious T.S. Spivet,0
Bridesmaids,0
The Reader,4
The Big Wedding,2
Wanderlust,0
Elf,2
Phenomenon,5
This Is the End,0
Snow Dogs,0
Nacho Libre,0
Scrooged,0
Takers,3
Source Code,0
Stigmata,4
Men of Honor,1
Transporter 2,4
"Big Mommas: Like Father, Like Son",0
Alive,0
The Number 23,0
1941,0
Dreamer: Inspired by a True Story,0
A History of Violence,2
The Incredible Burt Wonderstone,0
The Quick and the Dead,0
Laws of Attraction,0
Going the Distance,0
Bringing Out the Dead,0
Repo Men,0
Dragon Wars: D-War,0
Bogus,4
Cats Don't Dance,0
Cradle Will Rock,0
The Good German,0
George and the Dragon,0
Criminal,0
Flight,5
Mr. Holland's Opus,0
Out of Africa,0
Moonraker,0
Vacation,2
Arachnophobia,0
Frequency,5
Hearts in Atlantis,0
Extraordinary Measures,0
Get Shorty,0
Chicago,0
Big Daddy,0
American Pie 2,0
The Vow,0
Speed,4
The Hunt for Red October,0
Lee Daniels' The Butler,2
Remember the Titans,1
District 9,5
Dodgeball: A True Underdog Story,3
The Addams Family,2
Ace Ventura: When Nature Calls,0
The Princess Diaries,0
Analyze This,0
The First Wives Club,0
Mystic River,2
The SpongeBob SquarePants Movie,0
Up in the Air,0
The Notebook,4
Hannah Montana: The Movie,0
27 Dresses,4
Rugrats in Paris: The Movie,1
The Prince of Tides,2
Four Brothers,0
Legends of the Fall,0
Looper,0
Warm Bodies,2
About Schmidt,0
The Nut Job,5
Down to Earth,2
Babe,0
Hope Springs,2
Forgetting Sarah Marshall,0
Baby Mama,4
Hope Floats,4
Bride Wars,0
Without a Paddle,2
13 Going on 30,4
Midnight in Paris,2
The Curse of the Were-Rabbit,0
P.S. I Love You,4
Corpse Bride,4
Letters to Juliet,0
Blow,1
Message in a Bottle,4
Southpaw,0
Star Trek V: The Final Frontier,0
Like Mike,0
Naked Gun 33 1/3: The Final Insult,0
Atonement,0
A View to a Kill,5
Racing Stripes,5
Sicario,5
Black Rain,0
The Three Stooges,0
Glory Road,0
The Age of Adaline,4
Step Up 3D,3
Drag Me to Hell,4
The Cabin in the Woods,0
Secondhand Lions,4
Stranger Than Fiction,5
Hanna,0
Blue Crush,0
30 Days of Night,2
Little Shop of Horrors,0
Gridiron Gang,0
Midnight Run,5
The Running Man,0
Mortal Kombat: Annihilation,3
Larry Crowne,2
Carrie,0
Take the Lead,3
Love & Other Drugs,4
What's the Worst That Could Happen?,0
Side Effects,4
9,0
Deliver Us from Evil,0
Get on Up,0
The Five-Year Engagement,0
The Prince and Me,0
Winnie the Pooh,1
Bulworth,0
Dumb and Dumberer: When Harry Met Lloyd,0
Virtuosity,0
One True Thing,4
Sanctum,5
My Super Ex-Girlfriend,0
Mr 3000,0
The Next Three Days,0
Little Black Book,4
Assault on Precinct 13,0
Runner Runner,0
The Replacement Killers,0
Ultraviolet,0
North Country,0
Fright Night,2
Eight Legged Freaks,0
Fled,0
Splice,0
88 Minutes,0
The Whole Ten Yards,1
Howard the Duck,0
Pride and Glory,0
The Cave,0
Godsend,0
Alex & Emma,0
Wicker Park,4
The New World,1
The Last Stand,1
In Dreams,0
Wing Commander,0
Antitrust,0
Dead Man Down,4
Hoodwinked Too! Hood vs. Evil,3
Chasing Liberty,0
An Unfinished Life,0
The Imaginarium of Doctor Parnassus,0
Barney's Version,1
Glory,0
The Assassination of Jesse James by the Coward Robert Ford,0
The Merchant of Venice,0
The Good Thief,5
Supercross,0
Miss Potter,1
The Promise,0
Machine Gun Preacher,0
DOA: Dead or Alive,1
1911,0
Little Nicholas,3
Wild Card,0
Konferenz der Tiere,3
Grace of Monaco,1
The Color of Freedom,1
A Warrior's Tail,0
Harlock: Space Pirate,0
Sausage Party,0
Ripley's Game,2
Pitch Perfect 2,3
Walk the Line,0
The Boss,0
Once Upon a Time in Mexico,0
Keeping the Faith,4
The Borrowers,2
Frost/Nixon,0
Seed of Chucky,0
Serving Sara,0
Confessions of a Dangerous Mind,5
Taking Woodstock,0
Cry Freedom,0
Florence Foster Jenkins,1
Mumford,0
The Jacket,0
Indiana Jones and the Temple of Doom,2
Straight Outta Compton,3
The Rugrats Movie,0
Along Came a Spider,0
Safe Haven,4
The Big Short,0
Role Models,0
"Alexander and the Terrible, Horrible, No Good, Very Bad Day",2
Miracle,0
Last Vegas,0
The Wedding Planner,0
Dawn of the Dead,4
For Your Eyes Only,0
The Royal Tenenbaums,5
Identity,0
Serendipity,0
Kick-Ass,0
Zoolander,0
Timecop,0
No Reservations,1
Hocus Pocus,2
Pride & Prejudice,4
30 Minutes or Less,0
Dracula 2000,3
Rob Roy,0
3 Days to Kill,0
Kick-Ass 2,3
We Own the Night,0
A Walk Among the Tombstones,0
The Spy Next Door,0
Brick Mansions,5
Just My Luck,4
Lost Souls,3
Winged Migration,0
Pride and Prejudice and Zombies,0
"Mystery, Alaska",0
Ghosts of Mars,0
A Simple Wish,0
Our Brand Is Crisis,0
Kundun,0
How to Lose Friends & Alienate People,0
Captain Alatriste: The Spanish Musketeer,0
Knocked Up,0
Octopussy,0
My Sister's Keeper,0
"Welcome Home, Roscoe Jenkins",2
Joyful Noise,0
A Passage to India,0
Notes on a Scandal,0
Rendition,0
Anonymous,1
Star Trek VI: The Undiscovered Country,1
Divine Secrets of the Ya-Ya Sisterhood,2
Kiss the Girls,0
The Blues Brothers,0
The Sisterhood of the Traveling Pants 2,0
Money Monster,0
About a Boy,4
Spy Kids: All the Time in the World in 4D,0
Lake Placid,0
Lucky Number Slevin,1
The Right Stuff,1
The NeverEnding Story,0
Dark City,0
The Duchess,0
Case 39,0
Return to Oz,0
The Newton Boys,1
Suspect Zero,0
Martian Child,0
Formula 51,5
Flawless,5
Mindhunters,0
What Just Happened,0
The Statement,0
The Magic Flute,0
Paul Blart: Mall Cop,0
Freaky Friday,5
The 40-Year-Old Virgin,0
Shakespeare in Love,4
Kindergarten Cop,0
Pineapple Express,0
Ever After: A Cinderella Story,1
Flatliners,0
Open Range,0
Red Eye,4
New Year's Eve,1
A Bridge Too Far,1
Pain & Gain,0
Final Destination 2,1
"O Brother, Where Art Thou?",0
In Good Company,0
Legion,3
Song to Song,0
Clockstoppers,0
Silverado,0
Brothers,4
The Best of Me,0
Agent Cody Banks 2: Destination London,0
Original Sin,4
The Raven,4
Welcome to Mooseport,0
Highlander: The Final Dimension,0
Self/less,4
The Curse of the Jade Scorpion,5
The Fifth Estate,0
Blood and Wine,0
Blood Ties,0
Snow White: A Tale of Terror,0
Viy,5
Accidental Love,4
The Face of an Angel,0
Flipper,0
The Constant Gardener,0
W.,0
The Passion of the Christ,0
Mrs. Doubtfire,2
Taken,0
Ride Along,0
The Bodyguard,0
"Legally Blonde 2: Red, White & Blonde",0
Scooby-Doo 2: Monsters Unleashed,0
Anchorman: The Legend of Ron Burgundy,0
Freddy vs. Jason,0
Bridge to Terabithia,0
Jimmy Neutron: Boy Genius,5
Cloverfield,3
Dear John,0
Teenage Mutant Ninja Turtles II: The Secret of the Ooze,1
Parental Guidance,0
The Untouchables,0
Bridget Jones's Diary,4
Chocolat,4
No Strings Attached,0
Contraband,0
The Lucky One,4
Tombstone,0
Romeo Must Die,5
The Omen,1
Final Destination 3,0
A Madea Christmas,0
Finding Neverland,1
The Grey,2
The House Bunny,2
Hide and Seek,0
Agent Cody Banks,0
Nanny McPhee,0
The Giver,4
Nothing to Lose,0
The Last Emperor,1
The Hours,1
Money Talks,0
The Wild Thornberrys Movie,0
Rugrats Go Wild,2
The Sisterhood of the Traveling Pants,0
Undercover Brother,1
August: Osage County,2
Kiss of the Dragon,0
Million Dollar Arm,0
Beauty Shop,0
What a Girl Wants,5
Jeepers Creepers II,1
Good Luck Chuck,4
Cradle 2 the Grave,0
She's the Man,0
The Gambler,0
Mr. Bean's Holiday,4
Bride of Chucky,0
August Rush,0
Anacondas: The Hunt for the Blood Orchid,0
The Sitter,0
Elizabeth,0
Tora! Tora! Tora!,0
Spice World,3
Draft Day,4
Dance Flick,0
Crocodile Dundee in Los Angeles,4
Kingpin,0
Ice Princess,0
Don't Be Afraid of the Dark,4
The Losers,0
War,5
Don Juan DeMarco,4
A Lot Like Love,0
He Got Game,0
Eddie the Eagle,1
Shark Night 3D,0
Punch-Drunk Love,0
EuroTrip,0
The Ruins,3
The Counsellor,0
Unaccompanied Minors,3
"Bright Lights, Big City",4
Half Past Dead,0
Legend,0
The Adventures of Pinocchio,0
The Greatest Game Ever Played,0
The Box,0
The Next Best Thing,0
My Soul to Take,0
The Girl Next Door,0
A Perfect Plan,2
Maximum Risk,0
Stealing Harvard,0
Hot Rod,0
Angela's Ashes,2
Cirque du Soleil: Worlds Away,4
The 33,0
Lifeforce,0
The Conspirator,0
Lords of Dogtown,1
Big Trouble in Little China,5
Michael Collins,0
Stop-Loss,0
Gettysburg,0
Abandon,0
Straw Dogs,0
Brokedown Palace,0
The Possession,1
Mrs. Winterbourne,1
Stone Cold,0
The Road,0
The Hoax,0
Sheena,4
Underclassman,4
Say It Isn't So,2
The World's Fastest Indian,1
The Best Offer,0
Tank Girl,0
King's Ransom,0
Blindness,0
Carnage,0
BloodRayne,3
Bad Lieutenant: Port of Call New Orleans,0
Jane Got a Gun,4
Me and Orson Welles,4
Where the Truth Lies,4
Without Limits,1
On the Road,0
Little White Lies,0
Love Ranch,0
Kung Fu Killer,0
A Turtle's Tale: Sammy's Adventures,0
Space Dogs,0
Ironclad,3
Red Sky,0
Waterloo,0
The Adventurer: The Curse of the Midas Box,0
Dangerous Liaisons,4
Star Trek IV: The Voyage Home,0
Scream 2,0
Rocky Balboa,1
Old School,0
Think Like a Man Too,0
The Whole Nine Yards,0
Footloose,0
The Fisher King,0
I Still Know What You Did Last Summer,1
Return to Me,4
The Men Who Stare at Goats,0
Zack and Miri Make a Porno,0
Double Take,0
Nurse Betty,0
"Girl, Interrupted",0
Piranha 3D,3
Faster,5
Win a Date with Tad Hamilton!,0
Muppets from Space,2
The Wiz,5
Ready to Rumble,0
I Don't Know How She Does It,0
Play It to the Bone,0
Beyond the Sea,0
Meet the Deedles,0
The Thief and the Cobbler,0
The Bridge of San Luis Rey,0
Zombieland,2
The Waterboy,0
The Naked Gun 2½: The Smell of Fear,0
Bad Boys,0
Final Destination,2
The Ides of March,5
Pitch Black,0
Someone Like You...,2
Her,0
Joy Ride,4
Haywire,0
Anywhere But Here,0
Vanity Fair,0
Jaws: The Revenge,2
The Crew,0
Marvin's Room,0
The Longshots,1
The End of the Affair,0
Harley Davidson and the Marlboro Man,0
In the Valley of Elah,0
Coco Before Chanel,1
Chéri,1
Forsaken,0
Bodyguards and Assassins,3
Spaceballs,0
1408,0
The Water Diviner,5
Ghost,4
There's Something About Mary,0
The Santa Clause,0
The Game Plan,5
The Rookie,0
The Bridges of Madison County,0
Son of God,1
The Animal,2
The Hundred-Foot Journey,2
Underworld,0
The Net,0
Diary of a Wimpy Kid: Dog Days,0
I Am Sam,2
Derailed,0
The Informant!,1
Delivery Man,5
"Hail, Caesar!",0
Jay and Silent Bob Strike Back,1
Shadowlands,0
Our Kind of Traitor,0
Deuce Bigalow: European Gigolo,0
Mad Money,0
Homefront,2
Saving Silverman,4
Summer of Sam,0
The Glass House,5
The Transporter Refueled,0
Josie and the Pussycats,3
Hit and Run,1
The Little Vampire,0
I Heart Huckabees,0
Out of the Furnace,0
RoboCop 3,0
Dudley Do-Right,0
Megiddo: The Omega Code 2,0
Darling Lili,0
The Libertine,1
Black Book,0
Before I Go to Sleep,4
Stone,0
Joyeux Noel,0
Underdogs,4
Sorcerer,0
Molière,4
Michael Clayton,0
Arlington Road,0
My Fellow Americans,0
To Rome with Love,1
Silver Linings Playbook,2
"South Park: Bigger, Longer & Uncut",0
Firefox,0
Death at a Funeral,2
Teenage Mutant Ninja Turtles III,1
Hardball,5
For Colored Girls,0
Freedom Writers,4
The Transporter,0
Never Back Down,0
Tinker Tailor Soldier Spy,0
The Rage: Carrie 2,3
Swing Vote,0
Away We Go,2
Moonlight Mile,4
The Beaver,0
Molly,0
Bitter Harvest,4
eXistenZ,0
The Best Little Whorehouse in Texas,0
Pulse,3
Beauty and the Beast,4
Home Alone 2: Lost in New York,0
Close Encounters of the Third Kind,2
Beverly Hills Cop II,0
The Conjuring,2
Bringing Down the House,4
Wayne's World,0
Jackass 3D,0
Jaws 2,0
Beverly Hills Chihuahua,0
Are We There Yet?,4
The Descendants,0
School of Rock,0
Mortal Kombat,0
White Chicks,0
Holes,0
Madea's Witness Protection,2
The Last Song,0
Drumline,0
Me Before You,0
Bad Moms,0
Edward Scissorhands,0
Selma,0
The French Connection,0
Date Movie,0
Return to Never Land,0
The Jungle Book 2,0
Premonition,0
Boogeyman,4
The Tigger Movie,2
Max,2
Orphan,0
Lakeview Terrace,0
The Grudge 2,4
How Stella Got Her Groove Back,0
Man of the Year,0
Risen,0
Vampires Suck,0
The Black Hole,0
The American,5
Selena,1
A Very Harold & Kumar 3D Christmas,0
Texas Chainsaw 3D,4
Babel,0
This Is Where I Leave You,0
Doubt,4
Team America: World Police,0
Copycat,5
Scary Movie 5,0
She's Out of My League,5
Milk,1
Paint Your Wagon,0
The Debt,0
Ghost Ship,0
Daybreakers,0
The Bank Job,0
Wild Things,0
The Stepfather,0
Nerve,0
High Fidelity,0
Stick It,0
One Missed Call,0
Eye for an Eye,4
Street Kings,5
The World's End,0
From Dusk Till Dawn,0
You Again,4
Nancy Drew,0
Alpha and Omega,4
Endless Love,1
The Covenant,4
Monte Carlo,4
Stay Alive,3
Quigley Down Under,0
To Die For,3
Shorts,4
Vampires,0
Appaloosa,4
Secret in Their Eyes,0
Reign Over Me,2
My Best Friend's Girl,0
Georgia Rule,4
Under the Rainbow,3
Ladyhawke,0
Simon Birch,4
Pooh's Heffalump Movie,0
School for Scoundrels,4
Silent Hill: Revelation,0
Home for the Holidays,2
Kung Fu Hustle,0
The Country Bears,2
21 Grams,0
Armored,3
The Kite Runner,2
Paparazzi,3
A Guy Thing,4
The Greatest Story Ever Told,1
Loser,0
Capitalism: A Love Story,5
Lockout,0
What's Your Number?,4
The Man Who Knew Too Little,0
Crank: High Voltage,0
Burnt,0
Envy,0
One Night with the King,1
Bullets Over Broadway,0
Ghost Town,0
The Quiet American,4
Triple 9,0
The Weather Man,0
Undisputed,0
12 Rounds,0
Let Me In,4
3 Ninjas Kick Back,0
Be Kind Rewind,0
Mrs Henderson Presents,0
Deconstructing Harry,0
Three to Tango,4
We're No Angels,0
Everyone Says I Love You,4
Death Sentence,2
Everybody's Fine,2
Battle of the Year,0
The Man,0
Code Name: The Cleaner,0
Inherent Vice,0
Connie and Carla,0
Machete Kills,1
Sweet Charity,4
Doogal,0
An American Carol,5
Willard,4
Strange Wilderness,0
Little Boy,5
Topsy-Turvy,1
Chasing Mavericks,4
A Most Violent Year,2
A Dangerous Method,0
A Scanner Darkly,5
Bandslam,0
Birth,4
Passchendaele,1
Flash of Genius,0
I'm Not There.,0
The Cold Light of Day,2
The Brothers Bloom,1
"Synecdoche, New York",0
Bon voyage,5
My All-American,0
Can't Stop the Music,1
The Proposition,0
Marci X,0
Dylan Dog: Dead of Night,1
The Children of Huang Shi,3
The Yards,0
All Good Things,0
By the Sea,0
Steamboy,0
The Game of Their Lives,2
Rapa Nui,0
The Tempest,0
CJ7,0
Les couloirs du temps: Les visiteurs II,0
People I Know,0
Regression,4
Zambezia,4
Three Kingdoms: Resurrection of the Dragon,0
The Touch,0
Survivor,0
Shattered,0
Ramanujan,0
Dwegons and Leprechauns,2
The History of Love,1
Hands of Stone,1
Fight Valley,4
The Baader Meinhof Complex,3
The Painted Veil,0
The Frozen Ground,5
The Devil's Double,0
Dances with Wolves,0
Scream,0
Bad Teacher,0
Sea of Love,4
Just Married,4
I Can Do Bad All by Myself,4
A Cinderella Story,0
Thir13en Ghosts,2
House on Haunted Hill,5
The Crazies,0
The Switch,0
Leap Year,0
The Book Thief,4
Thomas and the Magic Railroad,0
The Bounty,1
Sex Drive,0
Firestorm,0
Take Me Home Tonight,0
Won't Back Down,0
The Fall of the Roman Empire,1
The Nutcracker,0
Kansas City,0
Out of Inferno,0
Land of the Dead,1
Indignation,0
The Amityville Horror,0
Adaptation.,1
The Invention of Lying,0
Fear and Loathing in Las Vegas,5
Left Behind,3
Neighbors,2
Borat: Cultural Learnings of America for Make Benefit Glorious Nation of Kazakhstan,0
The Mask,0
Big,2
Legally Blonde,0
Mean Girls,1
Star Trek III: The Search for Spock,0
The Exorcism of Emily Rose,4
Deuce Bigalow: Male Gigolo,5
Barbershop 2: Back in Business,0
The Family Stone,5
Bad Santa,0
Predator,0
My Big Fat Greek Wedding 2,2
Austin Powers: International Man of Mystery,0
Diary of a Wimpy Kid: Rodrick Rules,0
Prom Night,0
Soul Surfer,0
Under the Tuscan Sun,0
Birdman or (The Unexpected Virtue of Ignorance),0
Peggy Sue Got Married,0
Gosford Park,1
Blue Jasmine,0
United 93,0
Honey,0
The Fog,0
Spy Hard,0
Conan the Destroyer,3
Love the Coopers,2
Catch-22,0
Observe and Report,0
Love Happens,0
Fame,5
Young Sherlock Holmes,0
127 Hours,5
Small Time Crooks,0
Center Stage,3
Catch That Kid,0
Steve Jobs,1
Life as a House,0
Youth in Revolt,0
And So It Goes,0
"I Love You, Beth Cooper",0
Blow Out,0
The Tailor of Panama,0
The Legend of the Lone Ranger,1
Labor Day,0
Getaway,0
The Ice Storm,0
Being Julia,0
Troop Beverly Hills,0
9½ Weeks,4
The Last Station,0
Dragonslayer,4
Ed Wood,5
Mongol: The Rise of Genghis Khan,1
RocknRolla,0
Megaforce,0
Mao's Last Dancer,0
Hamlet,0
The Railway Man,0
Restoration,4
Midnight Special,0
Metallica Through the Never,4
Anything Else,0
The White Ribbon,0
The Wraith,0
The Salton Sea,2
The Informers,0
One Man's Hero,3
Renaissance,0
I Come with the Rain,0
I Am Wrath,3
Day of the Dead,3
The Prince,0
Wolves,2
T2 Trainspotting,2
Red Sonja,2
Red Lights,0
Superbad,0
Madea Goes to Jail,0
Step Up 2: The Streets,0
Hoodwinked!,0
Hitman,3
Beerfest,0
Black Nativity,0
City of Ghosts,0
The Others,2
Let's Be Cops,0
I Know What You Did Last Summer,2
My Fair Lady,0
Sideways,0
The Best Man Holiday,0
Pitch Perfect,1
Halloween,0
Evil Dead,0
Saw 3D: The Final Chapter,3
"McFarland, USA",2
The Hills Have Eyes,3
40 Days and 40 Nights,4
Good Boy!,5
Smokin' Aces,0
A Night at the Roxbury,1
Beastly,0
Brooklyn's Finest,0
Lottery Ticket,4
Dickie Roberts: Former Child Star,2
ATL,1
Summer Catch,2
A Simple Plan,0
Larry the Cable Guy: Health Inspector,0
They,0
The Adventures of Elmo in Grouchland,0
Superman IV: The Quest for Peace,1
55 Days at Peking,0
My Life in Ruins,0
American Dreamz,4
How She Move,0
Running Scared,0
The Apparition,0
Bobby Jones: Stroke of Genius,0
Shanghai Surprise,0
The Illusionist,4
Roar,2
Veronica Guerin,5
Southland Tales,0
Escobar: Paradise Lost,4
Dragon Hunters,0
Damnation Alley,3
The Young Messiah,2
Fur: An Imaginary Portrait of Diane Arbus,2
My Girl,4
Wall Street,4
Sense and Sensibility,1
Becoming Jane,4
House of Sand and Fog,5
Sydney White,0
Arn: The Knight Templar,0
Dumb and Dumber,1
When Harry Met Sally...,0
Road Trip,0
The Verdict,0
Varsity Blues,0
Moonrise Kingdom,4
The Artist,4
The Unborn,4
The Master of Disguise,5
The Texas Chainsaw Massacre: The Beginning,0
The Roommate,0
See Spot Run,0
Double Impact,0
Baby Boy,4
Joe Dirt,2
The Women,0
Hot Fuzz,0
Vicky Cristina Barcelona,0
Boys and Girls,0
Remember Me,0
White Oleander,0
Jennifer's Body,0
Drowning Mona,4
Radio Days,2
How to Deal,0
Soul Plane,0
My Stepmother Is an Alien,5
Philadelphia,0
The Thirteenth Floor,0
The Cookout,0
Meteor,1
Highlander,5
Hollywood Ending,0
Duets,0
Detroit Rock City,0
Things We Lost in the Fire,2
The Homesman,0
Trance,5
The Immigrant,5
Steel,0
The White Countess,2
Welcome to the Sticks,2
Enter the Void,0
Good,1
Vamps,0
Tidal Wave,0
Zulu,4
Juwanna Mann,4
Ararat,4
Slow Burn,0
Madison,0
The Yellow Handkerchief,0
Wasabi,2
Slither,0
Home Alone,5
Beverly Hills Cop,0
Top Gun,4
Tootsie,4
3 Men and a Baby,0
"Crouching Tiger, Hidden Dragon",4
Twins,0
Bad Grandpa,0
The Color Purple,4
Beetlejuice,2
Mama,2
Private Benjamin,4
Coal Miner's Daughter,0
Diary of a Wimpy Kid,1
National Lampoon's Vacation,1
The Queen,2
Why Did I Get Married?,2
The Woman in Black,4
Little Women,1
When a Stranger Calls,0
Big Fat Liar,4
Cop Land,1
Wag the Dog,0
The Lizzie McGuire Movie,0
Snitch,0
Krampus,2
End of Watch,4
The Faculty,0
What's Love Got to Do with It,1
Not Another Teen Movie,0
Wild,0
The Theory of Everything,0
Drive,0
The Skulls,1
Malibu's Most Wanted,0
All About Steve,0
Where the Heart Is,0
Halloween II,0
The Last House on the Left,2
Because of Winn-Dixie,4
The Wedding Date,0
Halloween: Resurrection,0
The Great Debaters,0
When the Game Stands Tall,1
Confessions of a Teenage Drama Queen,2
The Object of My Affection,0
28 Weeks Later,0
Grosse Pointe Blank,0
Love & Basketball,0
Book of Shadows: Blair Witch 2,3
Boogie Nights,1
Ramona and Beezus,5
The November Man,5
The Craft,0
Match Point,0
The Remains of the Day,0
Nowhere to Run,4
Urban Legends: Final Cut,0
The Place Beyond the Pines,0
Flicka,2
The Hills Have Eyes II,3
Keanu,0
Country Strong,0
Tuck Everlasting,4
The Marine,3
Disturbing Behavior,1
A Most Wanted Man,0
The Hurt Locker,0
Eye of the Beholder,0
The Man with the Iron Fists,0
Firestarter,0
Killing Them Softly,0
Freddy Got Fingered,5
One Day,2
De-Lovely,0
Whip It,0
The Pirates Who Don't Do Anything: A VeggieTales Movie,0
U2 3D,0
Highlander: Endgame,0
Idlewild,0
Confidence,0
Knockaround Guys,1
The Muse,0
Barney's Great Adventure,0
New York Stories,4
Home Fries,2
Here on Earth,0
Raise Your Voice,0
Brazil,0
Black Snake Moan,4
Dark Blue,0
Peeples,0
A Mighty Heart,0
Listening,0
Whatever It Takes,0
Boat Trip,0
The Importance of Being Earnest,0
The Love Letter,0
Hoot,2
In Bruges,0
Promised Land,0
Mulholland Drive,4
The Rocker,1
Post Grad,2
Whatever Works,0
The In Crowd,4
Three Burials,0
Jakob the Liar,0
Kiss Kiss Bang Bang,0
Idle Hands,0
Blood and Chocolate,4
You Will Meet a Tall Dark Stranger,0
Never Let Me Go,1
Transsiberian,0
Crazy in Alabama,5
The Clan of the Cave Bear,4
Funny Games,2
District B13,0
Felicia's Journey,4
The Assassin,0
Things to Do in Denver When You're Dead,0
The Return,0
Buffalo Soldiers,0
Centurion,3
On-Bak 2,4
Silent Trigger,0
The Midnight Meat Train,0
Winnie Mandela,0
The Son of No One,2
All the Queen's Men,0
The Good Night,0
Khumba,0
Chiamatemi Francesco - Il Papa della gente,1
Bathory: Countess of Blood,0
Dungeons & Dragons: Wrath of the Dragon God,0
Automata,0
Broken Horses,1
Pandaemonium,0
Shinjuku Incident,0
In Dubious Battle,5
Magic Mike XXL,0
Romeo + Juliet,0
Sarah's Key,2
Freedom,2
Manderlay,1
Pretty Woman,4
Fatal Attraction,2
Crocodile Dundee II,0
Born on the Fourth of July,1
Cool Runnings,0
Stomp the Yard,2
My Bloody Valentine,0
The Spy Who Loved Me,0
Urban Legend,0
Good Deeds,0
White Fang,0
Superstar,0
The Iron Lady,5
Poetic Justice,4
Jonah: A VeggieTales Movie,0
All About the Benjamins,0
Exorcist II: The Heretic,0
Our Family Wedding,1
Vampire in Brooklyn,0
An American Haunting,0
My Boss's Daughter,4
A Perfect Getaway,0
Thinner,5
Dead Man on Campus,0
Tea with Mussolini,5
"New York, New York",5
Jason X,0
Crooklyn,0
I Think I Love My Wife,0
Hot Tub Time Machine 2,0
Bobby,1
Head Over Heels,4
Fun Size,0
The Diving Bell and the Butterfly,1
Little Children,1
Gossip,0
A Walk on the Moon,1
Catch a Fire,4
Mr. Turner,5
Soul Survivors,0
Easy Virtue,4
Jefferson in Paris,0
Flipped,0
Caravans,4
Wild Grass,2
Amen.,0
The Lucky Ones,1
Reign of Assassins,0
Margaret,4
Stan Helsing,0
Brokeback Mountain,1
Clueless,0
Far from Heaven,0
Seven Psychopaths,0
Quills,0
The Caveman's Valentine,0
The Last Godfather,0
Under the Skin,4
The Sea Inside,1
No Good Deed,5
"Good Morning, Vietnam",0
Black Swan,0
Save the Last Dance,0
Justin Bieber: Never Say Never,0
Miracles from Heaven,4
Snow Day,3
The Butterfly Effect,0
The Shallows,0
A Nightmare on Elm Street 4: The Dream Master,4
This Christmas,0
About Last Night,0
"Dude, Where's My Car?",0
Young Guns,3
St. Vincent,4
Earth to Echo,3
10 Things I Hate About You,0
The New Guy,0
Loaded Weapon 1,5
The Big Hit,0
Child's Play 2,4
Harriet the Spy,0
21 & Over,1
The Mist,0
Ex Machina,4
Being John Malkovich,0
Two Can Play That Game,5
Admission,0
The Perks of Being a Wallflower,5
Crazy/Beautiful,0
Letters from Iwo Jima,1
54,4
The Astronaut Farmer,2
Dirty Work,0
Woo,0
Serial Mom,2
Dick,0
Light It Up,3
Bubble Boy,4
Birthday Girl,0
"Paris, je t'aime",0
Resurrecting the Champ,2
Chloe,0
The Widow of Saint-Pierre,0
Faithful,0
I Love You Phillip Morris,0
The Vatican Tapes,4
Find Me Guilty,0
Excessive Force,1
Infamous,0
Attack the Block,0
The Claim,3
In the Land of Blood and Honey,0
The Killer Inside Me,0
Womb,0
The Call,0
Operation Chromite,0
The Crocodile Hunter: Collision Course,1
Machete,2
Antwone Fisher,4
Quest for Fire,0
The Emperor's Club,5
True Romance,0
Sorority Row,3
Glengarry Glen Ross,5
The Boy in the Striped Pajamas,0
Cat People,4
The Prisoner of Zenda,5
Lars and the Real Girl,4
Solitary Man,0
Dancer in the Dark,5
Casino Jack,0
Oscar and Lucinda,2
The Funeral,2
Tae Guk Gi: The Brotherhood of War,0
The Perfect Game,3
Ernest & Celestine,1
The Land Before Time,5
The Fault in Our Stars,0
American Pie,0
Think Like a Man,0
Heaven Is for Real,0
The Golden Child,0
Star Trek II: The Wrath of Khan,0
Barbershop,0
WarGames,4
Ace Ventura: Pet Detective,0
Act of Valor,5
Witness,4
Step Up,0
Chronicle,0
Beavis and Butt-Head Do America,1
Project X,0
Jackie Brown,4
Yentl,0
Harold & Kumar Escape from Guantanamo Bay,2
Philomena,0
Time Bandits,4
Crossroads,0
Paper Towns,2
Quarantine,0
One Hour Photo,2
The Eye,4
Johnson Family Vacation,0
How High,0
Crank,0
The Muppet Christmas Carol,1
Katy Perry: Part of Me,1
Frida,0
Top Five,0
Rounders,4
Prophecy,0
Project Almanac,3
Just Wright,0
Stir of Echoes,2
Tales from the Crypt: Demon Knight,0
The Boys from Brazil,0
The Upside of Anger,2
Aquamarine,0
Nebraska,5
My Baby's Daddy,4
Max Keeble's Big Move,0
Young Adult,0
About Time,0
How to Be a Player,0
Living Out Loud,0
Rachel Getting Married,4
The Postman Always Rings Twice,1
Girl with a Pearl Earring,4
House of Flying Daggers,3
Sorority Boys,0
Cadillac Records,0
Arbitrage,0
Screwed,0
Running with Scissors,2
Fortress,1
For Greater Glory: The True Story of Cristiada,0
For Your Consideration,0
Celebrity,1
Invaders from Mars,0
Girl 6,0
In the Cut,4
Charlie Bartlett,0
Two Lovers,2
The Great Beauty,0
Last Orders,3
The Host,2
The Pursuit of D.B. Cooper,0
Ravenous,0
The Dangerous Lives of Altar Boys,3
Stoker,2
Married Life,0
2046,1
Duma,5
Darling Companion,1
Ondine,5
Brother,0
Welcome to Collinwood,0
The Life Before Her Eyes,0
Critical Care,4
Trade,0
Fateless,0
"A Woman, a Gun and a Noodle Shop",1
Breakfast of Champions,3
Cypher,5
City of Life and Death,0
Trash,0
5 Days of War,0
10 Days in a Madhouse,0
Legend of Kung Fu Rabbit,0
Space Battleship Yamato,0
Triangle,1
Drive Hard,0
Dancin': It's On!,4
A Tale of Three Cities,0
Maadadayo,0
Pet Sematary,4
Dirty Grandpa,0
The Cry of the Owl,4
St. Trinian's,3
Gremlins,0
Doctor Zhivago,1
The Fighter,0
High School Musical 3: Senior Year,0
Jackass Number Two,0
My Cousin Vinny,0
If I Stay,1
Major League,1
Phone Booth,0
A Walk to Remember,1
Dead Man Walking,0
Brooklyn,5
Cruel Intentions,0
The Secret Life of Bees,0
Woman in Gold,2
History of the World: Part I,0
Saw VI,0
Corky Romano,1
Raising Cain,1
F.I.S.T.,0
Quartet,0
Out Cold,0
The Ladies Man,1
Tomcats,0
Inside Llewyn Davis,4
Frailty,0
Army of Darkness,0
Kinsey,0
What's Eating Gilbert Grape,2
Slackers,0
The Visual Bible: The Gospel of John,1
Vera Drake,2
The Guru,0
O,5
The Perez Family,3
The Molly Maguires,3
Return to the Blue Lagoon,1
Romance & Cigarettes,0
Copying Beethoven,0
Brighton Rock,0
La Famille Bélier,0
LOL,0
Misconduct,4
Saw V,3
Machine Gun McCain,0
Jindabyne,0
Kabhi Alvida Naa Kehna,0
An Ideal Husband,0
Darkness,2
The Last Days on Mars,3
E.T. the Extra-Terrestrial,0
In the Land of Women,0
The Blue Butterfly,0
Housefull,0
September Dawn,3
The Grudge,5
Saw III,0
The Purge: Election Year,0
Bring It On,0
She's All That,0
Saw IV,0
Madea's Family Reunion,2
White Noise,5
The Color of Money,0
Insidious: Chapter 3,2
The Mighty Ducks,0
The Best Exotic Marigold Hotel,0
Bill & Ted's Excellent Adventure,0
The Longest Day,1
Happy Gilmore,0
Jeepers Creepers,0
Oliver!,3
Recess: School's Out,0
Mad Max Beyond Thunderdome,3
Pete's Dragon,1
The Boy,5
Commando,3
Devil,3
Friday After Next,1
The Second Best Exotic Marigold Hotel,0
The Last Dragon,4
The Lawnmower Man,0
Nick and Norah's Infinite Playlist,1
Dogma,5
The Banger Sisters,0
Road House,0
Twilight Zone: The Movie,1
A Low Down Dirty Shame,0
One Direction: This Is Us,0
Swimfan,0
Employee of the Month,0
Sinister 2,4
The Forest,4
The Fourth Kind,0
The Outsiders,1
Can't Hardly Wait,0
Sparkle,3
Mud,4
The Dead Zone,0
Skyline,0
Valentine,0
A Prairie Home Companion,0
Reno 911!: Miami,0
Sugar Hill,0
Kit Kittredge: An American Girl,4
Invasion U.S.A.,0
Roll Bounce,0
Rushmore,1
Tremors,0
The Perfect Man,0
Mo' Better Blues,0
Kung Pow: Enter the Fist,0
Wrong Turn,0
The Long Riders,1
The Corruptor,0
"The Goods: Live Hard, Sell Hard",0
My Week with Marilyn,1
Big Eyes,0
Hey Arnold! The Movie,0
The Matador,0
Love Jones,4
The Gift,4
End of the Spear,0
Get Over It,0
Office Space,0
Drop Dead Gorgeous,0
The Red Violin,0
Very Bad Things,0
Sleepover,0
Movie 43,0
Body Double,4
MacGruber,0
Dirty Pretty Things,5
Bad Words,0
While We're Young,4
Over Her Dead Body,0
Seeking a Friend for the End of the World,0
Cedar Rapids,0
The Collection,1
Teacher's Pet,0
Deuces Wild,0
"Run, Fatboy, Run",0
Heartbeeps,2
Danny Collins,5
Rescue Dawn,0
Black or White,0
I Am Love,2
On the Line,0
"Jeff, Who Lives at Home",0
Crash,0
Atlas Shrugged II: The Strike,0
Romeo Is Bleeding,0
The Limey,5
Rosewater,0
The House of Mirth,4
Malone,2
Peaceful Warrior,0
Bucky Larson: Born to Be a Star,0
Bamboozled,0
Sphinx,1
The Iceman,1
A Better Life,0
Spider,0
Gun Shy,5
Nicholas Nickleby,2
The Joneses,2
Krrish,1
Killer Joe,4
Cecil B. DeMented,3
Owning Mahowny,0
The Brothers Solomon,0
My Blueberry Nights,4
Illuminata,0
Coriolanus,0
Swept Away,0
"War, Inc.",0
Shaolin Soccer,4
The Brown Bunny,4
The Swindle,0
The Chambermaid on the Titanic,0
Imaginary Heroes,2
High Heels and Low Lifes,0
World's Greatest Dad,0
"Cinco de Mayo, La Batalla",0
Welcome to the Rileys,4
Free Style,2
Severance,3
Edmond,0
The Good the Bad the Weird,1
Police Academy: Mission to Moscow,1
Blood Done Sign My Name,1
The Good Guy,4
Motherhood,0
Eulogy,2
Elsa & Fred,0
An Alan Smithee Film: Burn Hollywood Burn,0
The Open Road,0
Strangerland,2
Of Horses and Men,1
The Janky Promoters,0
Blonde Ambition,4
The Oxford Murders,0
Barbecue,0
The Reef,0
White Noise 2: The Light,2
It's a Wonderful Afterlife,0
You Got Served: Beat the World,0
Fifty Dead Men Walking,4
Plastic,0
Jungle Shuffle,0
Adam Resurrected,0
The Devil's Tomb,3
Good Intentions,0
Partition,4
Detention,3
Nurse 3D,0
Into the Grizzly Maze,0
Kicks,0
American Heist,0
Gunless,0
Adventureland,0
Amour,2
The Lost City,2
Next Friday,0
You Only Live Twice,0
Poltergeist III,0
The Runaways,1
Gentlemen Broncos,0
Re-Kill,0
It's a Mad Mad Mad Mad World,1
Volver,2
Melancholia,0
Heavy Metal,4
Jab Tak Hai Jaan,5
Richard III,1
Kites,0
Red Dog,0
Loose Cannons,2
The Texas Chain Saw Massacre,2
Fiddler on the Roof,0
The Purge: Anarchy,0
Thunderball,1
The Wailing,0
Set It Off,0
The Best Man,0
Child's Play,0
Sicko,0
Trading Places,0
Down to You,4
Harold & Kumar Go to White Castle,0
The Contender,0
Boiler Room,0
Black Christmas,5
The Ice Pirates,0
Breakin' All the Rules,0
Glee: The 3D Concert Movie,0
Henry V,4
The Savages,0
Chasing Papi,1
The Way of the Gun,0
Hamlet 2,0
Igby Goes Down,4
PCU,0
The Ultimate Gift,0
Gracie,0
Trust the Man,2
Velvet Goldmine,0
Undiscovered,3
Princess Kaiulani,1
The Legend of Suriyothai,0
Two Evil Eyes,0
The Girl on the Train,4
Red Riding: The Year of Our Lord 1974,0
All or Nothing,0
Flame and Citron,3
Opal Dream,4
Skin Trade,2
Beneath Hill 60,0
Veronika Decides to Die,2
Barbarella,0
The Haunting in Connecticut 2: Ghosts of Georgia,2
Greater,1
Polisse,0
"Ultramarines: A Warhammer 40,000 Movie",1
Crocodile Dundee,5
The I Inside,5
Awake,1
Crazy Heart,0
The DUFF,0
Nightcrawler,0
The Lost Boys,2
The Rose,1
Baggage Claim,2
Shipwrecked,4
Election,0
The Namesake,0
All Is Lost,2
Club Dread,0
Bright Star,1
Silmido,0
Repo! The Genetic Opera,1
Limbo,4
The Wind That Shakes the Barley,0
The City of Your Final Destination,0
Valley of the Wolves: Iraq,1
Quo Vadis,0
The Sound of Music,4
The Muppet Movie,0
Splash,4
Little Miss Sunshine,2
Easy A,0
28 Days Later...,0
Escape from Alcatraz,0
You Got Served,3
50/50,0
A Thin Line Between Love and Hate,5
Brown Sugar,0
That Awkward Moment,0
Shutter,0
Howards End,4
Modern Problems,0
On Her Majesty's Secret Service,0
Much Ado About Nothing,0
Akeelah and the Bee,4
New Nightmare,0
Drive Me Crazy,0
Enough Said,4
Half Baked,1
New in Town,0
Begin Again,4
American Psycho,0
The Good Girl,0
Bon Cop Bad Cop,0
The Boondock Saints II: All Saints Day,1
Prom,3
The Inkwell,2
Shadow of the Vampire,1
It's Kind of a Funny Story,0
The Pallbearer,4
Woman on Top,0
Held Up,0
Anomalisa,0
Another Year,2
Showdown in Little Tokyo,0
8 Women,4
Clay Pigeons,4
Made in Dagenham,0
When Did You Last See Your Father?,1
The Secret of Kells,4
Prefontaine,4
The Wicked Lady,0
Down in the Valley,4
Brooklyn Rules,0
The Singing Detective,0
Fido,0
Restless,4
The Land Girls,4
The Wendell Baker Story,0
Wild Target,0
Pathology,3
10th & Wolf,0
Aloft,0
Dear Wendy,4
Akira,3
My Lucky Star,4
The Death and Life of Bobby Z,0
The Rocket,1
Swelter,0
Green Street 3: Never Back Down,5
Mr. Church,2
Code of Honor,0
A Street Cat Named Bob,1
Imagine Me & You,2
Swimming Pool,0
The Blood of Heroes,3
Far from Men,0
Driving Miss Daisy,5
Soul Food,2
500 Days of Summer,4
Rumble in the Bronx,4
Thank You for Smoking,0
Hostel: Part II,0
An Education,0
Extract,0
Narc,0
Shopgirl,4
The Hotel New Hampshire,2
Men with Brooms,0
Witless Protection,1
The Work and the Glory,2
Albert Nobbs,0
The Neon Demon,3
Masked and Anonymous,0
Alias Betty,4
Code 46,0
The Hole,0
Black November,0
Outside Bet,3
Pound of Flesh,4
Ta Ra Rum Pum,0
Persepolis,0
Harry Brown,5
The Wave,0
Diamonds Are Forever,0
The Omega Code,0
Juno,4
Magic Mike,0
Flashdance,4
The Piano,4
Jumping the Broom,0
Live and Let Die,0
My Dog Skip,0
Darkness Falls,0
"Definitely, Maybe",0
"Good Night, and Good Luck.",0
Capote,2
The Descent,0
Desperado,0
Logan's Run,5
The Man with the Golden Gun,0
Action Jackson,0
Dope,0
The Devil's Rejects,2
Devil's Due,2
Flirting with Disaster,4
Beyond the Lights,1
In Too Deep,0
House of 1000 Corpses,2
Alien Zone,4
A Serious Man,0
Get Low,0
A Single Man,5
Warlock,0
The Last Temptation of Christ,1
Outside Providence,2
Cyrus,0
Bride & Prejudice,2
Rabbit-Proof Fence,0
Split Second,0
The Other Side of Heaven,0
Redbelt,0
A Dog of Flanders,4
Auto Focus,0
The Mighty Macs,0
We Need to Talk About Kevin,0
Somewhere,2
Factory Girl,0
I Hope They Serve Beer in Hell,0
The Christmas Candle,0
Losin' It,0
Mother and Child,4
March or Die,0
Les visiteurs,0
Freeheld,0
Dom Hemingway,2
The Extra Man,4
Hesher,4
Gerry,4
Wah-Wah,4
The Heart of Me,0
Ca$h,0
Hard to Be a God,3
The Boondock Saints,0
Snow Queen,1
Z Storm,0
Twixt,4
Criminal Activities,4
High School Musical 2,2
Adventures in Appletown,0
Stargate: The Ark of Truth,0
Alpha and Omega 4: The Legend of the Saw Toothed Cave,2
Pale Rider,0
House at the End of the Street,2
Dazed and Confused,1
Two Lovers and a Bear,0
Aimee & Jaguar,1
The Chumscrubber,0
Shade,1
Bran Nue Dae,4
"Remember Me, My Love",2
Perrier's Bounty,0
Elite Squad,0
Annabelle,0
Boyz n the Hood,4
La Bamba,0
The Four Seasons,0
Dressed to Kill,4
The Adventures of Huck Finn,2
Go,1
Friends with Money,2
The Andromeda Strain,3
Bats,0
Nowhere in Africa,2
Shame,0
Layer Cake,0
The East,5
The Work and the Glory II: American Zion,0
The Messenger,5
A Home at the End of the World,4
Aberdeen,0
Tracker,5
Good Bye Lenin!,4
Control,0
The Damned United,1
The Return of the Living Dead,0
Mallrats,0
Grease,0
Fahrenheit 9/11,0
Mary Poppins,0
Ordinary People,2
West Side Story,0
Caddyshack,5
The Brothers,0
The Wrestler,0
Do the Right Thing,0
Escape from New York,0
The Wood,0
A Nightmare on Elm Street 5: The Dream Child,1
Van Wilder: Party Liaison,1
Duel in the Sun,0
Best in Show,0
The Last King of Scotland,0
A Mighty Wind,1
School Daze,4
Daddy Day Camp,0
Mystic Pizza,0
Mr. Nice Guy,0
Sliding Doors,0
Tales from the Hood,0
Halloween 5,1
The Words,0
Bernie,0
Dolphins and Whales 3D: Tribes of the Ocean,0
Pollock,0
200 Cigarettes,0
City Island,2
Casa de mi Padre,0
The Guard,5
The Virgin Suicides,3
College,0
La science des rêves - Film B,1
Little Voice,0
Miss March,4
Simply Irresistible,0
Wish I Was Here,2
Goddess of Love,4
Only the Strong,0
Hedwig and the Angry Inch,0
Shattered Glass,1
The Wackness,0
Novocaine,0
Snow Flower and the Secret Fan,0
The Business of Strangers,0
Beastmaster 2: Through the Portal of Time,0
The 5th Quarter,0
The Great Train Robbery,0
Morvern Callar,2
The Flower of Evil,2
Come Early Morning,4
The Greatest,2
Deadfall,0
Julia,0
Lucky Break,0
"Surfer, Dude",0
Song One,4
Lake of Fire,0
Don McKay,0
11:14,1
Men of War,3
A Shine of Rainbows,4
Freaky Deaky,0
The Hit List,0
Videodrome,0
L'auberge espagnole,0
The Train,1
Winter in Wartime,0
Trade of Innocents,4
The Protector,4
Stiff Upper Lips,0
Bend It Like Beckham,1
Sunshine State,2
Standing Ovation,3
Khiladi 786,1
[Rec] 2,0
Chariots of Fire,0
Diary of a Mad Black Woman,0
Shine,0
Don Jon,2
High Plains Drifter,0
Ghost World,0
Iris,0
Galaxina,1
The Chorus,1
Mambo Italiano,1
Wonderland,0
Le Havre,0
Harvard Man,0
Salvation Boulevard,0
R100,1
Miss Julie,0
Animals,4
Irreversible,0
Grabbers,0
Headhunters,5
The Ten,0
A Room for Romeo Brass,0
Wilson,0
Saint Ralph,0
Dum Maaro Dum,0
Somewhere in Time,0
My Big Fat Greek Wedding,4
Paranormal Activity 3,4
Saw II,0
Insidious: Chapter 2,2
10 Cloverfield Lane,2
The Visit,0
Jackass: The Movie,0
Lights Out,0
Paranormal Activity 4,2
Ouija,3
A Nightmare on Elm Street 3: Dream Warriors,0
Instructions Not Included,2
The Return of the Pink Panther,0
The Robe,0
Freddy's Dead: The Final Nightmare,4
Monster,0
Paranormal Activity: The Marked Ones,4
"20,000 Leagues Under the Sea",0
Oculus,4
Dallas Buyers Club,0
No Escape,2
The Lazarus Effect,3
Our Idiot Brother,0
Clerks II,0
The Players Club,4
Billy Elliot,2
The Way Way Back,0
"As Above, So Below",0
The Apostle,2
The Man from Snowy River,4
House Party 2,0
Doug's 1st Movie,0
Race,0
Mommie Dearest,1
Still Alice,2
Halloween 4: The Return of Michael Myers,0
Apollo 18,0
Addicted,2
Halloween: The Curse of Michael Myers,0
The Egyptian,0
Eve's Bayou,1
Nighthawks,0
Friday the 13th Part VIII: Jason Takes Manhattan,0
Spring Breakers,0
Y Tu Mamá También,4
Shaun of the Dead,0
The Haunting of Molly Hartley,0
Lone Star,0
April Fool's Day,0
Diner,3
Lone Wolf McQuade,1
Sunshine Cleaning,4
Fifty Shades of Black,5
A Farewell to Arms,5
Solomon and Sheba,2
The Beastmaster,4
Not Easily Broken,0
Moms' Night Out,0
The Perfect Match,0
Digimon: The Movie,0
Saved!,0
The Barbarian Invasions,0
Robin and Marian,0
Force 10 from Navarone,0
The Forsaken,4
UHF,5
Sea Rex 3D: Journey to a Prehistoric World,1
Grandma's Boy,0
Slums of Beverly Hills,2
Made,3
Moon,0
90 Minutes in Heaven,0
Keeping Up with the Steins,0
The Sweet Hereafter,0
Bottle Shock,1
Of Gods and Men,3
Jekyll and Hyde... Together Again,0
Green Room,0
Heavenly Creatures,0
Everything Must Go,0
Kill the Messenger,1
Rabbit Hole,4
Zero Effect,1
The Machinist,5
Light Sleeper,0
Atlas Shrugged: Who Is John Galt?,0
Party Monster,0
The Oh in Ohio,4
Bottle Rocket,0
Albino Alligator,0
"Gandhi, My Father",1
Standard Operating Procedure,0
Tucker and Dale vs Evil,3
Out of the Blue,4
"Lovely, Still",0
Tycoon,0
Desert Blue,5
Decoys,0
Christmas Eve,0
Redacted,1
Rudderless,0
Fascination,0
Area 51,4
Sleep Tight,0
Flying By,0
The Cottage,0
Dead Like Me: Life After Death,2
Farce of the Penguins,0
Henry & Me,4
Born of War,2
Yoga Hosers,0
Dying of the Light,0
Let's Kill Ward's Wife,3
Capricorn One,0
We Have Your Husband,0
Should've Been Romeo,0
Aztec Warrior,0
Navy Seals vs. Zombies,2
The Hatching,0
Running Forever,2
I Served the King of England,0
Soul Kitchen,0
The Awakening,0
All Hat,0
Hostel,0
Only God Forgives,0
Take Shelter,2
Tristram Shandy: A Cock and Bull Story,1
The Texas Chainsaw Massacre 2,2
Lady in White,5
Driving Lessons,0
Without Men,1
Treading Water,0
Pat Garrett & Billy the Kid,5
Camping sauvage,2
Dear Frankie,2
The Names of Love,4
Savage Grace,1
Out of the Blue,0
Police Academy,3
Four Weddings and a Funeral,0
The Blue Lagoon,0
Fast Times at Ridgemont High,3
25th Hour,0
Moby Dick,1
Bound,0
State Fair,2
Låt den rätte komma ut,0
Tango,0
Salvador,5
Saving Private Perez,0
Mozart's Sister,0
Character,0
Spun,0
Life During Wartime,2
Lady Vengeance,2
Blackthorn,4
Maggie,0
Lilya 4-Ever,4
After.Life,4
Mean Machine,3
Exiled,0
The Sweeney,0
Falcon Rising,0
Hansel & Gretel Get Baked,0
Fugly,0
Zipper,2
Silent Movie,0
R.L. Stine's Monsterville: The Cabinet of Souls,0
Whale Rider,4
Sexy Beast,0
Easy Money,0
Night of the Living Dead,3
Night Watch,0
Survival of the Dead,0
Cargo,0
High School Musical,0
Love and Death on Long Island,0
Porky's,3
The Crying Game,0
Lost in Translation,4
The Greatest Show on Earth,1
The Boy Next Door,4
Leaving Las Vegas,0
Monster's Ball,2
Boyhood,1
The Kids Are All Right,2
A Haunted House 2,2
The Last Exorcism Part II,0
The Front Page,0
Trapeze,4
They Live,0
What the #$*! Do We (K)now!?,0
Scoop,5
The Wash,0
3 Strikes,0
The Cooler,0
The Misfits,0
The Night Listener,4
The Jerky Boys,0
The Orphanage,2
The Rules of Attraction,1
Topaz,0
Let's Go to Prison,0
Four Rooms,0
Secretary,4
The Real Cancun,0
Talk Radio,0
Waiting for Guffman,5
Love Stinks,0
Samsara,0
You Kill Me,4
The Art of Getting By,0
Thumbsucker,0
Red State,3
Mirrormask,0
The Barbarians,0
Holy Motors,0
Poolhall Junkies,0
The Loss of Sexual Innocence,0
Joe,5
Prison,1
Shooting Fish,0
Adore,0
Psycho Beach Party,0
The Big Tease,0
Desert Dancer,0
"Buen Día, Ramón",4
Mondays in the Sun,1
Trust,0
An Everlasting Piece,2
Among Giants,0
The Velocity of Gary,0
Stake Land,0
Futuro Beach,0
The Last Time I Committed Suicide,1
Another Happy Day,2
Inescapable,0
The Geographer Drank His Globe Away,0
A Lonely Place to Die,3
Nothing,2
The Loved Ones,0
1776,0
Hell's Angels,0
Purple Violets,0
No Vacancy,3
The Veil,0
The Perfect Wave,4
How to Fall in Love,5
Chain of Command,2
A Man for All Seasons,1
Down for Life,0
The Good Heart,4
Major Dundee,0
Annie Get Your Gun,1
House of Sand,4
Four Lions,0
Defendor,0
The Ballad of Cable Hogue,0
The Pirate,0
The History Boys,5
Midnight Cowboy,0
Airplane!,0
The Full Monty,1
Menace II Society,4
Friday,0
The Witch,2
Sharknado,0
Creepshow 2,0
In Cold Blood,2
The Nun's Story,2
Frenzy,1
Harper,0
I Got the Hook Up,0
She's the One,1
Train,3
Gods and Monsters,1
Evil Dead II,3
Pootie Tang,0
La otra conquista,1
Trollhunter,3
Ira & Abby,0
The Masked Saint,1
Winter Passing,0
D.E.B.S.,3
Time to Choose,0
Taxman,0
The Betrayed,1
2:13,0
"Batman: The Dark Knight Returns, Part 2",1
In the Name of the King: The Last Job,0
Wicked Blood,0
Dawn Patrol,0
Lords of London,0
March of the Penguins,2
High Anxiety,0
Margin Call,0
Choke,0
August,2
To Write Love on Her Arms,3
Bella,0
Human Traffic,0
The Dead Girl,1
The Opposite Sex,0
Class of 1984,0
The Class,0
Dreaming of Joseph Lees,0
Rosemary's Baby,4
Maria Full of Grace,2
Beginners,4
Adam,0
Feast,0
Antiviral,0
Animal House,0
Paranormal Activity 2,2
The Purge,2
Goldfinger,0
Sinister,0
The Original Kings of Comedy,0
Coming Home,0
Waking Ned Devine,0
Air Bud,4
Bowling for Columbine,0
A Nightmare on Elm Street 2: Freddy's Revenge,0
A Room with a View,0
Slow West,4
Jason Lives: Friday the 13th Part VI,1
Martin Lawrence Live: Runteldat,2
Beneath the Planet of the Apes,1
Pokémon 3: The Movie,1
Jason Goes to Hell: The Final Friday,0
Spaced Invaders,1
Family Plot,0
Torn Curtain,5
Dave Chappelle's Block Party,0
Krush Groove,0
Elmer Gantry,0
Next Day Air,0
Trippin',0
Red River,0
Before Midnight,0
Teen Wolf Too,0
Phat Girlz,0
Phantasm II,0
Woman Thou Art Loosed,5
Real Women Have Curves,4
Water,0
East Is East,0
Whipped,4
Kama Sutra: A Tale of Love,0
Frances Ha,4
Please Give,4
Willy Wonka & the Chocolate Factory,0
Warlock: The Armageddon,5
8 Heads in a Duffel Bag,0
Days of Heaven,4
Thirteen Conversations About One Thing,0
Compadres,4
Jawbreaker,0
Basquiat,0
Tsotsi,4
Letters to God,5
Happiness,1
DysFunktional Family,2
Tusk,0
Damsels in Distress,0
Hobo with a Shotgun,0
Bachelorette,4
Fish Tank,0
Freeway,0
Love's Abiding Joy,1
Chain Letter,0
Tim and Eric's Billion Dollar Movie,0
Brave New Girl,0
The Eclipse,0
Summer Storm,0
Fort McCoy,2
Just Looking,0
The Divide,0
Tanner Hall,0
My Big Fat Independent Movie,0
Demonic,0
They Came Together,0
Open Road,4
Barry Munday,2
The Deported,0
Chicago Overcoat,1
Never Back Down 2: The Beatdown,0
AWOL-72,5
30 Nights of Paranormal Activity with the Devil Inside the Girl with the Dragon Tattoo,4
Enter the Dangerous Mind,0
Something Wicked,4
Point Blank,2
Four Single Fathers,2
Iguana,0
Amnesiac,1
Unnatural,0
Close Range,4
Central Station,5
Pocketful of Miracles,0
Boynton Beach Club,0
Freakonomics,0
Griff the Invisible,4
High Tension,0
Hustle & Flow,0
Friday the 13th Part VII: The New Blood,0
Beer League,5
Diary of the Dead,3
The Black Stallion,4
Ulee's Gold,2
Sardaar Ji,4
Journey to Saturn,0
Donovan's Reef,0
The Dress,1
A Guy Named Joe,0
Blazing Saddles,0
Friday the 13th: The Final Chapter,2
Ida,2
Maurice,4
Riding Giants,0
Timecrimes,0
Timber Falls,4
Silver Medallist,5
"Fat, Sick & Nearly Dead",0
A Haunted House,0
2016: Obama's America,0
Kevin Hart: Let Me Explain,0
Garden State,2
That Thing You Do!,0
Halloween III: Season of the Witch,0
Religulous,0
Escape from the Planet of the Apes,1
Hud,0
The Spectacular Now,0
My Own Private Idaho,0
Robot & Frank,0
Sur le seuil,0
Jesus' Son,4
Saving Face,0
Brick Lane,4
The Lost Medallion: The Adventures of Billy Stone,0
My Life Without Me,4
Marilyn Hotchkiss' Ballroom Dancing and Charm School,0
Super,2
Fuel,0
Valley of the Heart's Delight,4
The Other End of the Line,5
8: The Mormon Proposition,0
Sleep Dealer,1
Eye of the Dolphin,4
Anatomy,4
The Calling,0
Alien Uprising,1
Christmas Mail,4
Stung,0
8 Days,2
Antibirth,0
The Rise of the Krays,0
Go for It!,2
Get on the Bus,3
Thr3e,0
Idiocracy,0
Always Woodstock,0
This Is England,2
Bathing Beauty,0
Do You Believe?,0
Show Boat,1
"Dancer, Texas Pop. 81",0
Redemption Road,0
The Toxic Avenger Part II,1
Eden,0
The Brave Little Toaster,3
Fantasia,0
Friday the 13th Part III,3
Friday the 13th: A New Beginning,0
The Last Sin Eater,0
Impact Point,0
The Valley of Decision,2
Chicken Tikka Masala,2
Jack Brooks: Monster Slayer,2
Bully,0
Elling,0
Mi America,0
[Rec],0
Containment,0
Lies in Plain Sight,1
The Timber,0
Sharkskin,0
Courageous,0
From Russia with Love,0
The Road Warrior,0
Sleeper,0
Everything You Always Wanted to Know About Sex * But Were Afraid to Ask,1
It Follows,4
Silent House,0
The Legend of Drunken Master,3
Boys Don't Cry,0
Boom Town,4
Gentleman's Agreement,0
Witchboard,4
The Triplets of Belleville,0
Smoke Signals,0
Winter's Bone,5
American Splendor,5
Thirteen,0
Touching the Void,1
Inside Job,0
Alexander's Ragtime Band,0
Me and You and Everyone We Know,0
We Are Your Friends,0
Harsh Times,0
Ghost Dog: The Way of the Samurai,5
Captive,0
Full Frontal,3
Waltz with Bashir,5
Shortbus,3
"The Book of Mormon Movie, Volume 1: The Journey",1
The Diary of a Teenage Girl,0
No End in Sight,0
In the Shadow of the Moon,1
Meek's Cutoff,0
Inside Deep Throat,5
Dinner Rush,0
The Virginity Hit,0
Clockwatchers,1
Subway,1
House of D,2
Teeth,0
Stonewall,4
Sherrybaby,0
The Last Five Years,0
Six-String Samurai,4
Hum To Mohabbat Karega,2
It's All Gone Pete Tong,1
Saint John of Las Vegas,5
24 7: Twenty Four Seven,0
Roadside Romeo,0
This Thing of Ours,3
Supercapitalist,0
Return of the Living Dead III,0
The Missing Person,0
London,4
Circle,0
Eden Lake,4
Gangster's Paradise: Jerusalema,4
Plush,4
The Ghastly Love of Johnny X,0
Vampire Killers,4
Grave Encounters,0
Freeze Frame,2
Stitches,0
Bananas,0
Nine Dead,0
No Man's Land: The Rise of Reeker,0
Rockaway,0
The Lady from Shanghai,0
Straight A's,2
The Legend of Hell's Gate: An American Conspiracy,1
Highway,2
Small Apartments,0
Coffee Town,0
All Is Bright,0
The Torture Chamber of Dr. Sadism,0
A Funny Thing Happened on the Way to the Forum,4
Slacker Uprising,0
The Walking Deceased,2
True Bromance,1
Growing Up Smith,2
The Curse of Downers Grove,0
Wind Walkers,3
The Dog Lover,0
Shark Lake,0
Buried,3
The Marine 4: Moving Target,0
River's Edge,0
Man on Wire,0
Nowhere Boy,4
Northfork,0
Brotherly Love,0
Submarine,0
The Square,3
ABCD (Any Body Can Dance),0
One to Another,0
Abandoned,2
Vaalu,4
The Last Exorcism,0
Beasts of the Southern Wild,0
Battle for the Planet of the Apes,0
Hang 'Em High,0
El crimen del padre Amaro,4
Songcatcher,2
Higher Ground,0
The Greatest Movie Ever Sold,0
Travelers and Magicians,1
Ed and His Dead Mother,0
Deadline - U.S.A.,0
Sublime,2
Dysfunctional Friends,1
Independence Daysaster,0
Against the Wild,0
A Beginner's Guide to Snuff,0
Run Lola Run,2
May,4
I Spit on Your Grave,0
Living Dark: The Story of Ted the Caver,0
In the Bedroom,4
Under the Same Moon,4
Conquest of the Planet of the Apes,0
Grace Unplugged,0
"Happy, Texas",0
My Summer of Love,4
Yes,0
From Here to Eternity,0
You Can't Take It with You,2
Foolish,0
She Wore a Yellow Ribbon,0
The Conversation,0
N-Secure,0
Caramel,0
Out of the Dark,2
The Bubble,3
Dil Jo Bhi Kahey...,0
Mississippi Mermaid,4
I Love Your Work,1
Insidious,2
Cabin Fever,0
Waitress,0
Kickboxer: Vengeance,0
Bloodsport,0
Kids,3
The Squid and the Whale,4
Kissing Jessica Stein,4
Spellbound,0
Exotica,0
The To Do List,0
The Gatekeepers,0
Buffalo '66,2
Repo Man,0
Nine Queens,0
The Lords of Salem,1
The Ballad of Jack and Rose,2
Unsullied,0
Killing Zoe,0
The Believer,4
Snow Angels,0
Session 9,0
Mooz-Lum,2
I Want Someone to Eat Cheese With,0
Amigo,0
Hatchet,3
My Name Is Bruce,0
Stolen Summer,0
The Salon,0
Road Hard,0
Forty Shades of Blue,4
Trucker,0
Pontypool,0
Me You and Five Bucks,0
Housebound,4
Wal-Mart: The High Cost of Low Price,0
Fetching Cody,0
The Lion of Judah,0
Once Upon a Time in Queens,0
Girl House,4
Closer to the Moon,0
Mutant World,3
#Horror,0
Checkmate,0
Snow White and the Seven Dwarfs,0
Shalako,3
The Holy Girl,0
The Blue Room,4
Incident at Loch Ness,0
Eddie: The Sleepwalking Cannibal,0
Queen of the Mountains,1
House at the End of the Drive,1
Batman: The Movie,1
The Ballad of Gregorio Cortez,2
The Celebration,2
Trees Lounge,0
Journey from the Fall,2
The Basket,1
Def-Con 4,1
Neal 'N' Nikki,0
The Hebrew Hammer,5
The Amazing Catfish,4
Forget Me Not,0
The 41-Year-Old Virgin Who Knocked Up Sarah Marshall and Felt Superbad About It,0
The Algerian,1
Friday the 13th Part 2,0
C.H.U.D.,0
Filly Brown,0
Niagara,0
How Green Was My Valley,0
Da Sweet Blood of Jesus,0
The Rocky Horror Picture Show: Let's Do the Time Warp Again,0
Saw,0
"Sex, Lies, and Videotape",1
Super Troopers,0
You Can Count on Me,0
The Trouble with Harry,1
Home Run,0
But I'm a Cheerleader,0
The Blue Bird,0
Blue Like Jazz,0
The Second Mother,0
Q,0
Down and Out with the Dolls,1
"Pink Ribbons, Inc.",0
Certifiably Jonathan,0
The Knife of Don Juan,1
Extreme Movie,0
The Charge of the Light Brigade,0
Grand Theft Parsons,0
Below Zero,0
Crowsnest,0
Airborne,1
Cotton Comes to Harlem,0
Bleeding Hearts,0
The Wicked Within,2
God's Not Dead 2,0
Waiting...,0
Dead Man's Shoes,0
The Raid: Redemption,0
From a Whisper to a Scream,0
Sex with Strangers,0
Beyond the Black Rainbow,4
Dracula: Pages from a Virgin's Diary,0
The Sleepwalker,2
Faith Like Potatoes,0
Departure,2
Lake Mungo,0
Silent Running,0
The Dead Undead,0
The Vatican Exorcisms,1
The Devil Inside,4
Tom Jones,1
Unfriended,3
An Inconvenient Truth,0
Chernobyl Diaries,0
The Howling,2
Dr. No,0
Hellraiser,5
Cry_Wolf,0
Godzilla 2000,0
Blue Valentine,1
Transamerica,0
Beyond the Valley of the Dolls,0
Love Me Tender,0
Sands of Iwo Jima,0
The Green Inferno,3
The Sessions,0
Shine a Light,0
October Baby,0
The Skeleton Twins,0
20 Feet from Stardom,0
"Food, Inc.",5
Next Stop Wonderland,5
Obvious Child,0
Martha Marcy May Marlene,2
Frozen River,0
Two Girls and a Guy,4
The Broken Hearts Club: A Romantic Comedy,0
Who Killed the Electric Car?,0
Walking and Talking,0
Bubba Ho-Tep,0
Slam,4
Brigham City,1
Palo Alto,3
Fiza,0
Ajami,0
Orgazmo,4
All the Real Girls,4
Dream with the Fishes,0
The Act of Killing,0
Blue Car,4
Wristcutters: A Love Story,0
Luminarias,2
I Origins,0
Antarctica: A Year on Ice,0
The Battle of Shaker Heights,4
Taxi to the Dark Side,0
Guiana 1838,1
Once in a Lifetime: The Extraordinary Story of the New York Cosmos,1
Lisa Picard Is Famous,0
A Lego Brickumentary,0
The House of the Devil,0
Hardflip,4
Creative Control,0
Chocolate: Deep Dark Secrets,0
The Perfect Host,5
The Last Big Thing,0
Safe Men,1
Speedway Junky,4
Hits,0
The Specials,1
16 to Life,0
Alone with Her,4
The Sisterhood of Night,1
Special,0
Sparkler,0
The Helix... Loaded,1
Childless,1
In Her Line of Fire,0
The Jimmy Show,2
Heli,2
Karachi se Lahore,0
Loving Annabelle,0
Frat Party,0
Jimmy and Judy,0
The Party's Over,5
The Poker House,0
Proud,1
Steppin: The Movie,0
ZMD: Zombies of Mass Destruction,0
Snow White: A Deadly Summer,0
Truth or Die,0
Black Rock,0
Hidden Away,0
My Last Day Without You,4
Zombie Hunter,0
Doc Holliday's Revenge,2
A Fine Step,4
Fear Clinic,0
The Pet,4
Bang Bang Baby,0
1982,0
The Horror Network Vol. 1,0
American Hero,0
Por amor en el caserio,0
And Then Came Love,4
Hard Candy,0
Charly,5
Banshee Chapter,0
Ask Me Anything,0
L!fe Happens,0
Food Chains,0
Fruitvale Station,1
"4 Months, 3 Weeks and 2 Days",4
Circumstance,2
The Quiet,4
The Brass Teapot,0
Elza,4
Bambi,1
"For a Good Time, Call...",0
Latter Days,4
The Hammer,0
Windsor Drive,0
Harrison Montgomery,0
Celeste & Jesse Forever,0
Time Changer,0
London to Brighton,4
Crying with Laughter,0
Welcome to the Dollhouse,5
Raising Victor Vargas,0
Ruby in Paradise,4
Pandora's Box,4
Live-In Maid,4
Deterrence,1
The Mudge Boy,0
The Young Unknowns,0
Dead Snow,3
Not Cool,3
Kill List,0
Vessel,0
Saints and Soldiers,0
American Graffiti,0
Iraq for Sale: The War Profiteers,0
Kevin Hart: Laugh at My Pain,0
Aqua Teen Hunger Force Colon Movie Film for Theaters,5
Safety Not Guaranteed,0
The Innkeepers,0
The Conformist,0
Interview with the Assassin,0
Donkey Punch,3
All the Boys Love Mandy Lane,3
Destiny,3
Bled,2
Adulterers,0
Hoop Dreams,0
Rize,0
Half Nelson,5
L.I.E.,4
Naturally Native,0
B-Girl,0
Walter,0
Hav Plenty,4
Escape from Tomorrow,0
After,0
The Hadza: Last of the First,1
Starsuckers,0
Treachery,5
Top Hat,5
The Blair Witch Project,0
Woodstock,1
The Kentucky Fried Movie,0
Mercy Streets,0
Water & Power,0
Arnolds Park,2
Broken Vessels,4
They Will Have to Kill Us First,0
Crop Circles: Quest for Truth,0
The Maid's Room,0
Light from the Darkroom,0
Irreplaceable,0
A Hard Day's Night,1
The Harvest/La Cosecha,1
Julija in alfa Romeo,0
Love Letters,4
Faith Connections,0
High Road,3
Fireproof,1
Benji,0
Open Water,0
Kingdom of the Spiders,0
Mad Hot Ballroom,1
The Station Agent,4
To Save a Life,2
Wordplay,5
Beyond the Mat,0
The Singles Ward,0
Sholem Aleichem: Laughing in the Darkness,0
Osama,1
Groove,5
The R.M.,1
Twin Falls Idaho,0
Mean Creek,0
Drinking Buddies,0
Hurricane Streets,0
Never Again,0
Civil Brand,4
Monsters,0
Lonesome Jim,2
Deceptive Practice: The Mysteries and Mentors of Ricky Jay,0
The Other Dream Team,1
Rubber,4
Johnny Suede,4
Finishing the Game: The Search for a New Bruce Lee,0
Kiss the Bride,0
The Journey,0
The Slaughter Rule,4
The Living Wake,0
Scott Walker: 30 Century Man,0
The Californians,0
Born to Fly: Elizabeth Streb vs. Gravity,0
Detention of the Dead,3
Crazy Stone,5
Now Is Good,0
Everything Put Together,3
Good Kill,2
Enter Nowhere,0
Girls Gone Dead,3
Insomnia Manica,3
America Is Still the Place,0
The Outrageous Sophie Tucker,0
Subconscious,5
Roadside,0
Diamond Ruff,0
Love in the Time of Monsters,0
The King of Najayo,1
Fight to the Finish,4
Once Upon a Time in Venice,0
Alleluia! The Devil's Carnival,0
Bizarre,0
The Sound and the Shadow,5
Rodeo Girl,0
The Little Ponderosa Zoo,1
The Toxic Avenger,1
Paranormal Activity,2
Straight Out of Brooklyn,2
Bloody Sunday,0
Conversations with Other Women,4
Censored Voices,1
Poultrygeist: Night of the Chicken Dead,0
As It Is in Heaven,0
Mutual Friends,3
Rise of the Entrepreneur: The Search for a Better Way,1
42nd Street,0
Metropolitan,3
Gory Gory Hallelujah,0
Blue Ruin,2
Napoleon Dynamite,2
Quinceañera,2
Dogtown and Z-Boys,0
Tarnation,0
I Want Your Money,1
The Beyond,4
What Happens in Vegas,4
Fabled,0
The Dark Hours,1
My Beautiful Laundrette,5
Show Me,0
Cries & Whispers,4
Intolerance: Love's Struggle Throughout the Ages,1
The Broadway Melody,0
The Evil Dead,0
Trekkies,0
Maniac,4
American Ninja 2: The Confrontation,1
Murderball,0
My Dog Tulip,1
51 Birch Street,0
Royal Kill,0
Rotor DR1,0
Dogtooth,0
Tumbleweeds,1
Tupac: Resurrection,0
The Prophecy,1
Pieces of April,2
When the Cat's Away,4
Wendy and Lucy,4
The Big Swap,0
Old Joy,0
Pierrot le Fou,0
3 Backyards,1
Sisters in Law,0
Nothing But a Man,0
Ayurveda: Art of Being,0
"First Love, Last Rites",0
Fighting Tommy Riley,5
Locker 13,1
The Looking Glass,0
Death Race 2000,0
Some Guy Who Kills People,0
Midnight Cabaret,0
Teeth and Blood,0
Anderson's Cross,0
Amidst the Devil's Wings,0
Death Calls,5
Compliance,0
Graduation Day,0
Chasing Amy,0
Lovely & Amazing,0
Better Luck Tomorrow,3
Like Crazy,0
The Incredibly True Adventure of Two Girls in Love,5
Chuck & Buck,5
American Desi,0
Cube,0
Love and Other Catastrophes,0
I Married a Strange Person!,0
November,0
Sugar Town,0
The Canyons,0
The Motel,2
On the Outs,4
Shotgun Stories,0
Exam,1
The Sticky Fingers of Time,0
Along the Roadside,4
Sunday School Musical,3
Rust,2
The Christmas Bunny,1
Ink,3
The Frozen,2
Jesus People,0
Butterfly,0
Horse Camp,0
Give Me Shelter,0
Rock the House,0
Shooting the Warwicks,1
Western Religion,1
The Big Parade,4
Little Big Top,5
Bronson,4
Burn,0
Urbania,1
"The Beast from 20,000 Fathoms",0
The Stewardesses,0
Mad Max,0
Swingers,0
A Fistful of Dollars,0
The Grace Card,1
She Done Him Wrong,0
Short Cut to Nirvana: Kumbh Mela,0
3,4
Middle of Nowhere,0
Call + Response,0
The Business of Fancydancing,0
Super Hybrid,1
Baghead,0
Malevolence,0
Good Dick,4
The Case of the Grinning Cat,0
Solitude,2
Ordet,2
The Trials of Darryl Hunt,1
The Man from Earth,5
An American Girl Holiday,4
Yesterday Was a Lie,0
Archaeology of a Woman,0
Sanctuary; Quite a Conundrum,0
Theresa Is a Mother,0
Perfect Cowboy,0
H.,0
Weekend,2
Butterfly Girl,0
She's Gotta Have It,4
Another Earth,4
Heroes of Dirt,0
The World Is Mine,1
The Horse Boy,2
Sweet Sweetback's Baadasssss Song,2
Once,0
Tadpole,0
The Woman Chaser,0
Antarctic Edge: 70° South,3
Top Spin,0
When the Lights Went Out,2
A Charlie Brown Christmas,0
Aroused,0
Roger & Me,0
Sound of My Voice,4
An American in Hollywood,4
The Brain That Sings,1
Your Sister's Sister,0
The Blood of My Brother,0
A Dog's Breakfast,0
Une Femme Mariée,4
The Birth of a Nation,0
The Work and the Story,0
The Gallows,0
Facing the Giants,0
Eraserhead,0
Hollywood Shuffle,5
Over the Hill to the Poorhouse,2
The Mighty,4
Penitentiary,0
The Lost Skeleton of Cadavra,0
Cheap Thrills,2
The Past is a Grotesque Animal,0
Indie Game: The Movie,0
"Dude, Where's My Dog?!",2
Echo Dr.,2
Closure,2
Open Secret,0
The Night Visitor,0
Tiger Orange,0
Dawn of the Crescent Moon,3
Queen Crab,0
Happy Christmas,2
"Peace, Propaganda & the Promised Land",0
Absentia,4
Pi,0
"I Love You, Don't Touch Me!",1
20 Dates,0
Super Size Me,0
Supporting Characters,0
The FP,0
Hayride,0
The Brain That Wouldn't Die,0
The Dirties,0
The Brothers McMullen,0
Gabriela,0
Tiny Furniture,0
The Signal,0
Counting,0
The Naked Ape,1
The Call of Cthulhu,0
Bending Steel,5
"Run, Hide, Die",0
The Image Revolution,0
A True Story,0
George Washington,3
This Is Martin Bonner,0
Smiling Fish & Goat on Fire,0
The Exploding Girl,4
Raymond Did It,0
The Last Waltz,1
Her Cry: La Llorona Investigation,4
The Legend of God's Gun,0
Mutual Appreciation,0
Funny Ha Ha,0
Down Terrace,2
Clerks,0
Pink Narcissus,5
In the Company of Men,0
Rampage,0
Exeter,3
Manito,0
Dutch Kills,0
Slacker,0
Dry Spell,0
Flywheel,0
All Superheroes Must Die,0
The Ridges,0
The Puffy Chair,0
Breaking Upwards,4
Stories of Our Lives,0
Pink Flamingos,1
Tin Can Man,0
The Circle,0
Clean,0
The Cure,0
On the Downlow,4
Bang,4
The Rise and Fall of Miss Thang,5
Newlyweds,0
El Mariachi,0
Primer,0
Cavite,0
The Mongol King,4
Return to the Land of Wonders,0
Signed Sealed Delivered,0
Shanghai Calling,0
A Plague So Pleasant,0
My Date with Drew,1
